club_short,roster_type,name,roster_designation,current_status,contract_thru,option_years
ATL,SENIOR ROSTER,Luis Abram,TAM Player,NA,2025,2026
ATL,SENIOR ROSTER,Thiago Almada,Young Designated Player,NA,2026,NA
ATL,SENIOR ROSTER,Josh Cohen,NA,NA,2025,2026
ATL,SENIOR ROSTER,Giorgios Giakoumakis,Designated Player,NA,2025,2026
ATL,SENIOR ROSTER,Stian Gregersen,Designated Player,NA,2027,2028
ATL,SENIOR ROSTER,Brad Guzan,NA,NA,2024,2025
ATL,SENIOR ROSTER,Ronald Hernández,NA,NA,2024,2025
ATL,SENIOR ROSTER,Franco Ibarra,U22 Initiative,Unavailable - On Loan,2024,2025
ATL,SENIOR ROSTER,Brooks Lennon,TAM Player,NA,2025,2026
ATL,SENIOR ROSTER,Saba Lobjanidze,TAM Player,NA,2026,NA
ATL,SENIOR ROSTER,Dax McCarty,NA,NA,2024,2025
ATL,SENIOR ROSTER,Edwin Mosquera,U22 Initiative,NA,2025,2026
ATL,SENIOR ROSTER,Tristan Muyumba,TAM Player,NA,2026,2027
ATL,SENIOR ROSTER,Daniel Rios,NA,NA,2024,NA
ATL,SENIOR ROSTER,Xande Silva,TAM Player,NA,2025,2026
ATL,SENIOR ROSTER,Bartosz Slisz,TAM Player,NA,2028,NA
ATL,SENIOR ROSTER,Santiago Sosa,U22 Initiative,Unavailable - On Loan,2024,2025
ATL,SENIOR ROSTER,Jamal Thiaré,TAM Player,NA,2024,2025
ATL,SENIOR ROSTER,Quentin Westberg,NA,NA,2024,NA
ATL,SENIOR ROSTER,Derrick Williams,NA,NA,2025,2026
ATL,SUPPLEMENTAL ROSTER,Luke Brennan,Homegrown Player,NA,2027,2028
ATL,SUPPLEMENTAL ROSTER,Noah Cobb,Homegrown Player,NA,2026,2027
ATL,SUPPLEMENTAL ROSTER,Nick Firmino,Homegrown Player,NA,2026,NA
ATL,SUPPLEMENTAL ROSTER,Ajani Fortune,Homegrown Player,NA,2024,"2025, 2026"
ATL,SUPPLEMENTAL ROSTER,Aiden McFadden,NA,Unavailable - On Loan,2024,NA
ATL,SUPPLEMENTAL ROSTER,Efrain Morales,Homegrown Player,NA,2024,"2025, 2026"
ATL,SUPPLEMENTAL ROSTER,Adyn Torres,Homegrown Player,NA,2027,2028
ATL,SUPPLEMENTAL ROSTER,Caleb Wiley,Homegrown Player,NA,2025,2026
ATL,SUPPLEMENTAL ROSTER,Tyler Wolff,Homegrown Player,NA,2024,2025
ATL,SUPPLEMENTAL SPOT,Erik Centeno,Generation adidas,Unavailable - On Loan,2024,"2025, 2026"
ATX,SENIOR ROSTER,Guilherme Biro,NA,NA,2026,2027
ATX,SENIOR ROSTER,Julio Cascante,TAM Player,NA,2025,2026
ATX,SENIOR ROSTER,Stefan Cleveland,NA,NA,2025,2026
ATX,SENIOR ROSTER,Moussa Djitté,U22 Initiative,Unavailable - On Loan,2024,2025
ATX,SENIOR ROSTER,Sebastián Driussi,Designated Player,NA,2025,2026
ATX,SENIOR ROSTER,Ethan Finlay,NA,NA,2024,2025
ATX,SENIOR ROSTER,Jon Gallagher,NA,NA,2026,2027
ATX,SENIOR ROSTER,Matt Hedges,TAM Player,NA,2024,"2025, 2026"
ATX,SENIOR ROSTER,Brendan Hines-Ike,NA,NA,2024,2025
ATX,SENIOR ROSTER,Žan Kolmanič,U22 Initiative,NA,2025,2026
ATX,SENIOR ROSTER,Jáder Obrian,NA,NA,2024,2025
ATX,SENIOR ROSTER,Dani Pereira,NA,NA,2024,2025
ATX,SENIOR ROSTER,Emiliano Rigoni,Designated Player,NA,2024,"2025, 2026"
ATX,SENIOR ROSTER,Alex Ring,Designated Player,NA,2024,2025
ATX,SENIOR ROSTER,Diego Rubio,NA,NA,2024,2025
ATX,SENIOR ROSTER,Brad Stuver,NA,NA,2025,2026
ATX,SENIOR ROSTER,Leo Väisänen,TAM Player,NA,2026,2027
ATX,SENIOR ROSTER,Jhojan Valencia,TAM Player,NA,2024,2025
ATX,SENIOR ROSTER,Gyasi Zardes,TAM Player,NA,2025,2026
ATX,SUPPLEMENTAL ROSTER,Matt Bersano,NA,NA,2024,2025
ATX,SUPPLEMENTAL ROSTER,Micah Burton,Homegrown Player,NA,2027,2028
ATX,SUPPLEMENTAL ROSTER,CJ Fodrey,Generation adidas,NA,2025,"2026, 2027"
ATX,SUPPLEMENTAL ROSTER,Hector Jimenez,NA,NA,2024,NA
ATX,SUPPLEMENTAL ROSTER,Damian Las,Homegrown Player,Unavailable - On Loan,2026,2027
ATX,SUPPLEMENTAL ROSTER,Owen Wolff,Homegrown Player,NA,2025,2026
CHI,SENIOR ROSTER,Kellyn Acosta,TAM Player,NA,2026,2027
CHI,SENIOR ROSTER,Allan Arigoni,NA,NA,2024,"2025, 2026, 2027"
CHI,SENIOR ROSTER,Tom Barlow,NA,NA,2025,2026
CHI,SENIOR ROSTER,Chris Brady,NA,NA,2026,2027
CHI,SENIOR ROSTER,Hugo Cuypers,Designated Player,NA,2026,2027
CHI,SENIOR ROSTER,Rafael Czichos,TAM Player,NA,2024,NA
CHI,SENIOR ROSTER,Gastón Giménez,Designated Player,NA,2025,NA
CHI,SENIOR ROSTER,Brian Gutiérrez,U22 Initiative,NA,2028,NA
CHI,SENIOR ROSTER,Andrew Gutman,NA,NA,2026,2027
CHI,SENIOR ROSTER,Maren Haile-Selassie,NA,NA,2026,NA
CHI,SENIOR ROSTER,Fabian Herbers,NA,NA,2024,NA
CHI,SENIOR ROSTER,Georgios Koutsias,U22 Initiative,NA,2026,2027
CHI,SENIOR ROSTER,Chris Mueller,TAM Player,NA,2025,2026
CHI,SENIOR ROSTER,Federico Navarro,U22 Initiative,NA,2027,2028
CHI,SENIOR ROSTER,Wyatt Omsberg,NA,NA,2024,NA
CHI,SENIOR ROSTER,Mauricio Pineda,NA,NA,2026,2027
CHI,SENIOR ROSTER,Tobias Salquist,TAM Player,NA,2025,2026
CHI,SENIOR ROSTER,Xherdan Shaqiri,Designated Player,NA,2024,NA
CHI,SENIOR ROSTER,Arnaud Souquet,TAM Player,NA,2025,NA
CHI,SENIOR ROSTER,Carlos Terán,NA,NA,2026,2027
CHI,SUPPLEMENTAL ROSTER,Victor Bezerra,Homegrown Player,Unavailable – On Loan,2024,2025
CHI,SUPPLEMENTAL ROSTER,Javier Casas,Homegrown Player,NA,2024,"2025, 2026"
CHI,SUPPLEMENTAL ROSTER,Jonathan Dean,NA,NA,2024,2025
CHI,SUPPLEMENTAL ROSTER,Bryan Dowd,NA,NA,2024,"2025, 2026, 2027"
CHI,SUPPLEMENTAL ROSTER,Jeffrey Gal,NA,NA,2024,2025
CHI,SUPPLEMENTAL ROSTER,Chase Gasper,NA,NA,2025,NA
CHI,SUPPLEMENTAL ROSTER,Sergio Oregel,Homegrown Player,NA,2025,2026
CHI,SUPPLEMENTAL ROSTER,Justin Reynolds,Homegrown Player,Unavailable – On Loan,2026,2027
CHI,SUPPLEMENTAL ROSTER,Spencer Richey,NA,NA,2024,NA
CHI,SUPPLEMENTAL ROSTER,Missael Rodríguez,Homegrown Player,Unavailable – On Loan,2025,2026
CHI,SUPPLEMENTAL SPOT,Laurence Wootton,NA,Unavailable – On Loan,2024,"2025, 2026, 2027"
CIN,SENIOR ROSTER,Luciano Acosta,Designated Player,NA,2026,2027
CIN,SENIOR ROSTER,Marco Angulo,U22 Initiative,Unavailable - On Loan,2025,"2026, 2027"
CIN,SENIOR ROSTER,Corey Baird,TAM Player,NA,2025,2026
CIN,SENIOR ROSTER,Álvaro Barreal,TAM Player,Unavailable - On Loan,2024,2025
CIN,SENIOR ROSTER,Aaron Boupendza,Designated Player,NA,2025,"2026, 2027"
CIN,SENIOR ROSTER,Pavel Bucha,TAM Player,NA,2026,2027
CIN,SENIOR ROSTER,Roman Celentano,NA,NA,2027,NA
CIN,SENIOR ROSTER,Isaiah Foster,NA,NA,2024,"2025, 2026"
CIN,SENIOR ROSTER,Nick Hagglund,NA,NA,2024,NA
CIN,SENIOR ROSTER,Alec Kann,NA,NA,2024,NA
CIN,SENIOR ROSTER,Kevin Kelsy,U22 Initiative,NA,2024,"2028, 2029"
CIN,SENIOR ROSTER,Yuya Kubo,TAM Player,NA,2025,2026
CIN,SENIOR ROSTER,Evan Louro,NA,NA,2025,2026
CIN,SENIOR ROSTER,Matt Miazga,TAM Player,NA,2025,2026
CIN,SENIOR ROSTER,Obinna Nwobodo,Designated Player,NA,2024,2025
CIN,SENIOR ROSTER,Luca Orellano,TAM Player,NA,2024,"2026, 2027"
CIN,SENIOR ROSTER,Alvas Powell,NA,NA,2025,2026
CIN,SENIOR ROSTER,Miles Robinson,TAM Player,NA,2024,2025
CIN,SENIOR ROSTER,Sergio Santos,TAM Player,NA,2024,"2025, 2026"
CIN,SENIOR ROSTER,DeAndre Yedlin,TAM Player,NA,2025,2026
CIN,SUPPLEMENTAL ROSTER,London Aghedo,NA,NA,2024,"2025, 2026"
CIN,SUPPLEMENTAL ROSTER,Yamil Asad,NA,NA,2024,2025
CIN,SUPPLEMENTAL ROSTER,Bret Halsey,NA,NA,2024,"2025, 2026"
CIN,SUPPLEMENTAL ROSTER,Stiven Jimenez,Homegrown Player,NA,2025,"2026, 2027"
CIN,SUPPLEMENTAL ROSTER,Kipp Keller,NA,NA,2024,"2025, 2026"
CIN,SUPPLEMENTAL ROSTER,lan Murphy,NA,NA,2024,2025
CIN,SUPPLEMENTAL ROSTER,Quimi Ordoñez,Homegrown Player,Unavailable - On Loan,2024,2025
CIN,SUPPLEMENTAL ROSTER,Malik Pinto,NA,NA,2024,"2025, 2026"
CIN,SUPPLEMENTAL ROSTER,Gerardo Valenzuela,Homegrown Player,NA,2026,"2027, 2028"
CIN,SUPPLEMENTAL ROSTER,Paul Walters,NA,Unavailable - On Loan,2026,2027
CIN,SUPPLEMENTAL SPOT,Joey Akpunonu,Generation adidas,Unavailable - On Loan,2024,"2025, 2026"
CLB,SENIOR ROSTER,Malte Amundsen,NA,NA,2024,2025
CLB,SENIOR ROSTER,Rudy Camacho,NA,NA,2025,NA
CLB,SENIOR ROSTER,Yevhen Cheberko,TAM Player,NA,June 2026,2026
CLB,SENIOR ROSTER,Mohamed Farsi,NA,NA,2027,2028
CLB,SENIOR ROSTER,Cucho Hernández,Designated Player,NA,2025,2026
CLB,SENIOR ROSTER,Marino Hinestroza,U22 Initiative,NA,2026,2027
CLB,SENIOR ROSTER,Derrick Jones,NA,NA,2025,2026
CLB,SENIOR ROSTER,Alexandru Matan,U22 Initiative,NA,2024,NA
CLB,SENIOR ROSTER,Steven Moreira,TAM Player,NA,2025,2026
CLB,SENIOR ROSTER,Aidan Morris,TAM Player,NA,2026,NA
CLB,SENIOR ROSTER,Darlington Nagbe,Designated Player,NA,2025,2026
CLB,SENIOR ROSTER,Christian Ramírez,NA,NA,2024,2025
CLB,SENIOR ROSTER,Diego Rossi,Designated Player,NA,2026,2027
CLB,SENIOR ROSTER,Yaw Yeboah,TAM Player,NA,2024,2025
CLB,SENIOR ROSTER,Sean Zawadzki,NA,NA,2027,NA
CLB,SUPPLEMENTAL ROSTER,Max Arfsten,NA,NA,2024,"2025, 2026"
CLB,SUPPLEMENTAL ROSTER,Evan Bush,NA,NA,2024,NA
CLB,SUPPLEMENTAL ROSTER,Taha Habroune,Homegrown Player,NA,2027,2028
CLB,SUPPLEMENTAL ROSTER,Nicholas Hagen,NA,NA,2024,"2025, 2026"
CLB,SUPPLEMENTAL ROSTER,Cole Mrowka,Homegrown Player,NA,2026,"2027, 2028"
CLB,SUPPLEMENTAL ROSTER,Jacen Russell-Rowe,Homegrown Player,NA,2024,"2025, 2026"
CLB,SUPPLEMENTAL ROSTER,Will Sands,Homegrown Player,NA,2024,2025
CLB,SUPPLEMENTAL ROSTER,Patrick Schulte,Generation adidas,NA,2024,2025
CLB,SUPPLEMENTAL SPOT,Keegan Hughes,Homegrown Player,Unavailable - On Loan,2024,"2025, 2026"
CLT,SENIOR ROSTER,Liel Abada,Young Designated Player,NA,2026,2027
CLT,SENIOR ROSTER,Scott Arfield,NA,NA,2024,2025
CLT,SENIOR ROSTER,Ben Bender,NA,NA,2024,2025
CLT,SENIOR ROSTER,Brandt Bronico,NA,NA,2025,2026
CLT,SENIOR ROSTER,Nathan Byrne,TAM Player,NA,2024,2025
CLT,SENIOR ROSTER,Enzo Copetti,Designated Player,NA,2025,2026
CLT,SENIOR ROSTER,Brecht Dejaegere,Designated Player,NA,2025,2026
CLT,SENIOR ROSTER,Djibril Diani,NA,NA,2025,2026
CLT,SENIOR ROSTER,Kristijan Kahlina,TAM Player,NA,2024,2025
CLT,SENIOR ROSTER,Jaylin Lindsey,NA,NA,2024,2025
CLT,SENIOR ROSTER,Adilson Malanda,NA,NA,2025,2026
CLT,SENIOR ROSTER,João Pedro,NA,NA,2026,2027
CLT,SENIOR ROSTER,Nikola Petkovic,U22 Initiative,NA,2026,2027
CLT,SENIOR ROSTER,Karol Swiderski,Designated Player,Unavailable - On Loan,2025,2026
CLT,SENIOR ROSTER,luri Tavares,NA,NA,2026,2027
CLT,SENIOR ROSTER,Bill Tuiloma,NA,NA,2025,2026
CLT,SENIOR ROSTER,Jere Uronen,TAM Player,NA,2025,2026
CLT,SENIOR ROSTER,Júnior Urso,NA,NA,2024,2025
CLT,SENIOR ROSTER,Kerwin Vargas,U22 Initiative,NA,2024,"2025, 2026"
CLT,SENIOR ROSTER,Ashley Westwood,TAM Player,NA,2024,2025
CLT,SUPPLEMENTAL ROSTER,Patrick Agyemang,NA,NA,2024,"2025, 2026"
CLT,SUPPLEMENTAL ROSTER,Nimfasha Berchimas,Homegrown Player,NA,2026,2027
CLT,SUPPLEMENTAL ROSTER,David Bingham,NA,NA,2025,NA
CLT,SUPPLEMENTAL ROSTER,Brandon Cambridge,Homegrown Player,NA,2024,"2025, 2026"
CLT,SUPPLEMENTAL ROSTER,Hamady Diop,Generation adidas,NA,2024,"2025, 2026"
CLT,SUPPLEMENTAL ROSTER,Jahlane Forbes,NA,NA,2024,"2025, 2026, 2027"
CLT,SUPPLEMENTAL ROSTER,George Marks,NA,NA,2024,2025
CLT,SUPPLEMENTAL ROSTER,Andrew Privett,NA,NA,2024,"2025, 2026"
CLT,SUPPLEMENTAL ROSTER,Nicholas Scardina,NA,NA,2024,"2025, 2026"
CLT,SUPPLEMENTAL ROSTER,Tyger Smalls,NA,NA,2024,"2025, 2026, 2027"
CLT,SUPPLEMENTAL SPOT,Chituru Odunze,NA,Unavailable - On Loan,2027,2028
CLT,OFF-ROSTER (UNAVAILABLE),Jack Neeley,Homegrown Player,NA,2026,2027
CLT,OFF-ROSTER (UNAVAILABLE),Brian Romero,Homegrown Player,NA,2026,2027
COL,SENIOR ROSTER,Lalas Abubakar,NA,NA,2024,2025
COL,SENIOR ROSTER,Cole Bassett,U22 Initiative,NA,2027,NA
COL,SENIOR ROSTER,Kévin Cabral,Designated Player,NA,2025,2026
COL,SENIOR ROSTER,Remi Cabral,NA,Unavailable - On Loan,2024,2025
COL,SENIOR ROSTER,Daniel Chacón,NA,Unavailable,2025,2026
COL,SENIOR ROSTER,Lamine Diack,TAM Player,NA,July 2024,"2027, 2028"
COL,SENIOR ROSTER,Omir Fernández,NA,NA,2026,2027
COL,SENIOR ROSTER,Calvin Harris,NA,NA,2024,2025
COL,SENIOR ROSTER,Marko Ilić,NA,Unavailable - On Loan,2025,"2026, 2027"
COL,SENIOR ROSTER,Aboubacar Keita,NA,Unavailable - On Loan,2025,2026
COL,SENIOR ROSTER,Jonathan Lewis,NA,NA,2024,NA
COL,SENIOR ROSTER,Jasper Löffelsend,NA,NA,2025,2026
COL,SENIOR ROSTER,Andreas Maxsø,TAM Player,NA,2025,2026
COL,SENIOR ROSTER,Djordje Mihailovic,Designated Player,NA,2027,2028
COL,SENIOR ROSTER,Miguel Navarro,NA,Unavailable - On Loan,2024,2025
COL,SENIOR ROSTER,Rafael Navarro,Designated Player,NA,June 2024,"2027, 2028"
COL,SENIOR ROSTER,Connor Ronan,NA,NA,2026,2027
COL,SENIOR ROSTER,Keegan Rosenberry,NA,NA,2024,2025
COL,SENIOR ROSTER,Zack Steffen,TAM Player,NA,2026,2027
COL,SENIOR ROSTER,Sam Vines,TAM Player,NA,2027,NA
COL,SENIOR ROSTER,Darren Yapi,NA,NA,2025,2026
COL,SUPPLEMENTAL ROSTER,Sebastian Anderson,Homegrown Player,NA,2024,"2025, 2026"
COL,SUPPLEMENTAL ROSTER,Adam Beaudry,Homegrown Player,NA,2027,"2028, 2029"
COL,SUPPLEMENTAL ROSTER,Ethan Bandré,NA,NA,NA,NA
COL,SUPPLEMENTAL ROSTER,Moïse Bombito,Generation adidas,NA,2024,"2025, 2026"
COL,SUPPLEMENTAL ROSTER,Michael Edwards,Homegrown Player,NA,2024,2025
COL,SUPPLEMENTAL ROSTER,Wayne Frederick,NA,NA,2026,"2027, 2028"
COL,SUPPLEMENTAL ROSTER,Nate Jones,NA,NA,2024,"2025, 2026, 2027"
COL,SUPPLEMENTAL ROSTER,Oliver Larraz,Homegrown Player,NA,2024,2025
COL,SUPPLEMENTAL ROSTER,Kimani Stewart-Baynes,Generation adidas,NA,2026,"2027, 2028"
COL,SUPPLEMENTAL ROSTER,Jackson Travis,Homegrown Player,NA,2025,"2026, 2027"
DAL,SENIOR ROSTER,Eugene Ansah,NA,NA,2024,2025
DAL,SENIOR ROSTER,Paul Arriola,TAM Player,NA,2025,2026
DAL,SENIOR ROSTER,Geovane de Jesus,U22 Initiative,NA,2026,2027
DAL,SENIOR ROSTER,Patrickson Delgado,NA,NA,2024,"2027, 2028"
DAL,SENIOR ROSTER,Marco Farfan,NA,NA,2025,2026
DAL,SENIOR ROSTER,Jesús Ferreira,Designated Player,NA,2025,2026
DAL,SENIOR ROSTER,Liam Fraser,NA,NA,2024,2025
DAL,SENIOR ROSTER,Sebastien Ibeagha,NA,NA,2024,"2025, 2026"
DAL,SENIOR ROSTER,Asier Illarramendi,NA,NA,2024,NA
DAL,SENIOR ROSTER,Sam Junqua,NA,NA,2024,2025
DAL,SENIOR ROSTER,Bernard Kamungo,NA,NA,2025,"2026, 2027"
DAL,SENIOR ROSTER,Sebastian Lletget,TAM Player,NA,2025,2026
DAL,SENIOR ROSTER,José Mulato,U22 Initiative,Unavailable - On Loan,2025,"2026, 2027"
DAL,SENIOR ROSTER,Petar Musa,Designated Player,NA,2027,2028
DAL,SENIOR ROSTER,Maarten Paes,NA,NA,2026,"2027, 2028"
DAL,SENIOR ROSTER,Paxton Pomykal,TAM Player,Unavailable - SEI,2026,2027
DAL,SENIOR ROSTER,Enes Sali,U22 Initiative,NA,2027,2028
DAL,SENIOR ROSTER,Dante Sealy,NA,NA,2024,"2025, 2026"
DAL,SENIOR ROSTER,Nkosi Tafari,NA,NA,2024,"2025, 2026"
DAL,SENIOR ROSTER,Ema Twumasi,NA,NA,2024,"2025, 2026"
DAL,SENIOR ROSTER,Alan Velasco,Young Designated Player,NA,2025,2026
DAL,SUPPLEMENTAL ROSTER,Antonio Carrera,Homegrown Player,Unavailable - On Loan,2024,"2025, 2026"
DAL,SUPPLEMENTAL ROSTER,Herbert Endeley,NA,NA,2024,"2025, 2026"
DAL,SUPPLEMENTAL ROSTER,Logan Farrington,NA,NA,2024,"2025, 2026, 2027"
DAL,SUPPLEMENTAL ROSTER,Omar Gonzalez,NA,NA,2024,2025
DAL,SUPPLEMENTAL ROSTER,Amet Korça,NA,NA,2024,"2025, 2026"
DAL,SUPPLEMENTAL ROSTER,Jimmy Maurer,NA,NA,2024,NA
DAL,SUPPLEMENTAL ROSTER,Nolan Norris,Homegrown Player,NA,2025,"2026, 2027"
DAL,SUPPLEMENTAL ROSTER,Tsiki Ntsabeleng,NA,NA,2024,2025
DAL,SUPPLEMENTAL ROSTER,Tomas Pondeca,NA,NA,2025,"2026, 2027"
DAL,SUPPLEMENTAL ROSTER,Carl Sainté,NA,NA,2025,"2026, 2027"
DAL,SUPPLEMENTAL SPOT,Isaiah Parker,Generation adidas,Unavailable - On Loan,2024,"2025, 2026"
DAL,OFF-ROSTER (UNAVAILABLE),Malik Henry-Scott,Homegrown Player,NA,2024,"2025, 2026"
DAL,OFF-ROSTER (UNAVAILABLE),Tarik Scott,Homegrown Player,NA,2025,"2026, 2027, 2028"
DAL,OFF-ROSTER (UNAVAILABLE),Alejandro Urzua,Homegrown Player,NA,2025,"2026, 2027"
DC,SENIOR ROSTER,Conner Antley,NA,NA,2025,2026
DC,SENIOR ROSTER,Lucas Bartlett,NA,NA,2024,2025
DC,SENIOR ROSTER,Christian Benteke,Designated Player,NA,2024,2025
DC,SENIOR ROSTER,Steven Birnbaum,TAM Player,NA,2025,NA
DC,SENIOR ROSTER,Alex Bono,NA,NA,2024,2025
DC,SENIOR ROSTER,Russell Canouse,TAM Player,NA,2024,NA
DC,SENIOR ROSTER,Cristian Dájome,TAM Player,NA,2024,2025
DC,SENIOR ROSTER,Aaron Herrera,TAM Player,NA,2024,"2025, 2026"
DC,SENIOR ROSTER,Mohanad Jeahze,TAM Player,NA,2025,2026
DC,SENIOR ROSTER,Mateusz Klich,Designated Player,NA,2024,2025
DC,SENIOR ROSTER,Christopher McVey,NA,NA,2024,2025
DC,SENIOR ROSTER,Tyler Miller,NA,NA,2024,2025
DC,SENIOR ROSTER,Matti Peltola,Young Designated Player,NA,2027,2028
DC,SENIOR ROSTER,Gabriel Pirani,U22 Initiative,NA,2025,"2026, 2027"
DC,SENIOR ROSTER,Martín Rodríguez,TAM Player,NA,2024,2025
DC,SENIOR ROSTER,Pedro Santos,NA,NA,2024,NA
DC,SENIOR ROSTER,Jared Stroud,NA,NA,2026,2027
DC,SENIOR ROSTER,Luis Zamudio,NA,NA,2024,2025
DC,SUPPLEMENTAL ROSTER,Matai Akinmboni,Homegrown Player,NA,2025,"2026, 2027"
DC,SUPPLEMENTAL ROSTER,Nathan Crockford,NA,NA,2024,"2025, 2026, 2027"
DC,SUPPLEMENTAL ROSTER,Kristian Fletcher,Homegrown Player,NA,2025,2026
DC,SUPPLEMENTAL ROSTER,Jackson Hopkins,Homegrown Player,NA,2025,"2026, 2027"
DC,SUPPLEMENTAL ROSTER,Theodore Ku-Dipietro,Homegrown Player,NA,2024,2025
DC,SUPPLEMENTAL ROSTER,Jacob Murrell,NA,NA,2026,"2027, 2028"
DC,SUPPLEMENTAL ROSTER,Hayden Sargis,NA,Unavailable - On Loan,2024,"2025, 2026"
DC,SUPPLEMENTAL ROSTER,Garrison Tubbs,Homegrown Player,NA,2024,"2025, 2026, 2027"
DC,OFF-ROSTER (UNAVAILABLE),Jeremy Garay,Homegrown Player,Unavailable - On Loan,2024,"2025, 2026"
HOU,SENIOR ROSTER,Ibrahim Aliyu,U22 Initiative,NA,2025,"2026, 2027"
HOU,SENIOR ROSTER,Artur,TAM Player,NA,2025,"2026, 2027"
HOU,SENIOR ROSTER,Ethan Bartlow,NA,NA,2025,2026
HOU,SENIOR ROSTER,Amine Bassi,TAM Player,NA,2024,"2025, 2026"
HOU,SENIOR ROSTER,Latif Blessing,TAM Player,NA,2024,2025
HOU,SENIOR ROSTER,Adalberto Carrasquilla,TAM Player,NA,2025,"2026, 2027"
HOU,SENIOR ROSTER,Steve Clark,TAM Player,NA,2024,2025
HOU,SENIOR ROSTER,Griffin Dorsey,NA,NA,2025,2026
HOU,SENIOR ROSTER,Franco Escobar,NA,NA,2024,2025
HOU,SENIOR ROSTER,Sebastián Ferreira,Designated Player,NA,2025,2026
HOU,SENIOR ROSTER,Ján Greguš,NA,NA,2024,2025
HOU,SENIOR ROSTER,Héctor Herrera,Designated Player,NA,2024,2025
HOU,SENIOR ROSTER,Sebastian Kowalczyk,TAM Player,NA,2024,"2025, 2026"
HOU,SENIOR ROSTER,Micael,NA,NA,2024,"2025, 2026"
HOU,SENIOR ROSTER,Nelson Quiñones,U22 Initiative,Unavailable - SEI,2025,2026
HOU,SENIOR ROSTER,Brad Smith,NA,NA,2024,"2025, 2026"
HOU,SENIOR ROSTER,Daniel Steres,NA,NA,2024,2025
HOU,SENIOR ROSTER,Erik Sviatchenko,Designated Player,NA,2024,2025
HOU,SENIOR ROSTER,Andrew Tarbell,NA,NA,2024,2025
HOU,SUPPLEMENTAL ROSTER,Stephen Annor Gyamfi,Generation adidas,NA,2025,"2026, 2027"
HOU,SUPPLEMENTAL ROSTER,McKinze Gaines,NA,NA,2024,NA
HOU,SUPPLEMENTAL ROSTER,Brooklyn Raines,Homegrown Player,NA,2025,2026
HOU,SUPPLEMENTAL ROSTER,Kieran Sargeant,Homegrown Player,NA,2025,"2026, 2027"
HOU,SUPPLEMENTAL ROSTER,Tate Schmitt,Homegrown Player,NA,2024,2025
HOU,SUPPLEMENTAL ROSTER,Gabe Segal,NA,NA,2024,2025
HOU,SUPPLEMENTAL ROSTER,Ousmane Sylla,NA,NA,2024,"2025, 2026, 2027"
HOU,SUPPLEMENTAL ROSTER,Xavier Valdez,Homegrown Player,NA,2024,2025
HOU,SUPPLEMENTAL ROSTER,Jefferson Valverde,NA,Unavailable - P1/ITC,2025,"2026, 2027"
LA,SENIOR ROSTER,Julián Aude,U22 Initiative,NA,2027,NA
LA,SENIOR ROSTER,Miguel Berry,NA,NA,2025,2026
LA,SENIOR ROSTER,Gastón Brugman,TAM Player,NA,2025,2026
LA,SENIOR ROSTER,Martín Cáceres,NA,NA,2024,2025
LA,SENIOR ROSTER,Edwin Cerrillo,NA,NA,2026,2027
LA,SENIOR ROSTER,Mark Delgado,TAM Player,NA,2024,2025
LA,SENIOR ROSTER,Diego Fagúndez,TAM Player,NA,2025,2026
LA,SENIOR ROSTER,Emiro Garces,TAM Player,NA,2028,NA
LA,SENIOR ROSTER,Dejan Joveljic,U22 Initiative,NA,2025,NA
LA,SENIOR ROSTER,John McCarthy,NA,NA,2025,NA
LA,SENIOR ROSTER,Novak Micovic,NA,NA,2026,2027
LA,SENIOR ROSTER,John Nelson,NA,NA,2025,2026
LA,SENIOR ROSTER,Joseph Paintsil,Designated Player,NA,2027,NA
LA,SENIOR ROSTER,Gabriel Pec,Young Designated Player,NA,2028,NA
LA,SENIOR ROSTER,Jonathan Pérez,NA,NA,2026,2027
LA,SENIOR ROSTER,Riqui Puig,Designated Player,NA,2025,NA
LA,SENIOR ROSTER,Brady Scott,NA,NA,2024,"2025, 2026"
LA,SENIOR ROSTER,Miki Yamane,TAM Player,NA,2026,NA
LA,SENIOR ROSTER,Maya Yoshida,TAM Player,NA,2024,NA
LA,SUPPLEMENTAL ROSTER,Daniel Aguirre,NA,NA,2024,NA
LA,SUPPLEMENTAL ROSTER,Aaron Bibout,NA,Unavailable - On Loan,2025,"2026, 2027"
LA,SUPPLEMENTAL ROSTER,Mauricio Cuevas,Homegrown Player,NA,2025,"2026, 2027"
LA,SUPPLEMENTAL ROSTER,Tucker Lepley,NA,NA,2024,"2025, 2026, 2027"
LA,SUPPLEMENTAL ROSTER,Jalen Neal,Homegrown Player,NA,2024,2025
LA,SUPPLEMENTAL ROSTER,Gino Vivi,NA,Unavailable - On Loan,2024,"2025, 2026"
LA,SUPPLEMENTAL ROSTER,Eriq Zavaleta,NA,NA,2024,NA
LA,OFF-ROSTER (UNAVAILABLE),Marcus Ferkranus,Homegrown Player,NA,2024,2025
LAFC,SENIOR ROSTER,Tomás Ángel,NA,NA,2026,2027
LAFC,SENIOR ROSTER,Eduard Atuesta,Designated Player,NA,2024,2027
LAFC,SENIOR ROSTER,Stipe Biuk,U22 Initiative,Unavailable - On Loan,2026,2027
LAFC,SENIOR ROSTER,Mateusz Bogusz,TAM Player,NA,2026,2027
LAFC,SENIOR ROSTER,Dénis Bouanga,Designated Player,NA,2027,2028
LAFC,SENIOR ROSTER,Omar Campos,U22 Initiative,NA,2027,2028
LAFC,SENIOR ROSTER,Maxime Chanot,NA,NA,2025,NA
LAFC,SENIOR ROSTER,Mamadou Fall,NA,Unavailable - On Loan,2024,2025
LAFC,SENIOR ROSTER,Francisco Ginella,NA,Unavailable - On Loan,2024,NA
LAFC,SENIOR ROSTER,Mario González,TAM Player,Unavailable - On Loan,2026,2027
LAFC,SENIOR ROSTER,Ryan Hollingshead,NA,NA,2025,NA
LAFC,SENIOR ROSTER,Hugo Lloris,NA,NA,2024,"2025, 2026"
LAFC,SENIOR ROSTER,Aaron Long,TAM Player,NA,2024,NA
LAFC,SENIOR ROSTER,David Martínez,U22 Initiative,NA,2027,2028
LAFC,SENIOR ROSTER,Jesús Murillo,TAM Player,NA,2024,NA
LAFC,SENIOR ROSTER,Cristian Olivera,U22 Initiative,NA,2026,2027
LAFC,SENIOR ROSTER,Sergi Palencia,NA,NA,2024,2025
LAFC,SENIOR ROSTER,Ilie Sánchez,TAM Player,NA,2024,NA
LAFC,SENIOR ROSTER,Eddie Segura,NA,NA,2024,2026
LAFC,SENIOR ROSTER,Timothy Tillman,TAM Player,NA,2025,2026
LAFC,SUPPLEMENTAL ROSTER,Lorenzo Dellavalle,NA,Unavailable - SEI,2026,2027
LAFC,SUPPLEMENTAL ROSTER,Érik Dueñas,Homegrown Player,NA,2024,NA
LAFC,SUPPLEMENTAL ROSTER,Kei Kamara,NA,NA,2024,2025
LAFC,SUPPLEMENTAL ROSTER,Nathan Ordaz,Homegrown Player,NA,2025,2026
LAFC,SUPPLEMENTAL ROSTER,Abraham Romero,NA,NA,2024,2025
LAFC,OFF-ROSTER (UNAVAILABLE),Bajung Darboe,Homegrown Player,NA,2026,2027
MIA,SENIOR ROSTER,Jordi Alba,TAM Player,NA,2024,2025
MIA,SENIOR ROSTER,Tomás Avilés,U22 Initiative,NA,2026,"2027, 2028"
MIA,SENIOR ROSTER,Sergio Busquets,Designated Player,NA,2025,NA
MIA,SENIOR ROSTER,Drake Callender,NA,NA,2025,2026
MIA,SENIOR ROSTER,Leonardo Campana,Designated Player,NA,2027,2028
MIA,SENIOR ROSTER,CJ dos Santos,NA,NA,2024,"2025, 2026"
MIA,SENIOR ROSTER,Facundo Farías,U22 Initiative,Unavailable - SEI,2026,"2027, 2028"
MIA,SENIOR ROSTER,Nicolás Freire,TAM Player,NA,2024,NA
MIA,SENIOR ROSTER,Diego Gómez,U22 Initiative,NA,2026,2027
MIA,SENIOR ROSTER,Julian Gressel,TAM Player,NA,2026,2027
MIA,SENIOR ROSTER,Sergii Kryvtsov,TAM Player,NA,2024,2025
MIA,SENIOR ROSTER,Lionel Messi,Designated Player,NA,2025,NA
MIA,SENIOR ROSTER,Franco Negri,NA,NA,2024,2025
MIA,SENIOR ROSTER,Federico Redondo,U22 Initiative,NA,2027,2028
MIA,SENIOR ROSTER,Robbie Robinson,NA,NA,2024,NA
MIA,SENIOR ROSTER,Emerson Rodríguez,U22 Initiative,Unavailable - On Loan,2025,2026
MIA,SENIOR ROSTER,Matías Rojas,NA,NA,2024,"2025, 2026"
MIA,SENIOR ROSTER,Ryan Sailor,NA,NA,2024,2025
MIA,SENIOR ROSTER,Luis Suárez,TAM Player,NA,2024,NA
MIA,SENIOR ROSTER,Robert Taylor,NA,NA,2024,NA
MIA,SENIOR ROSTER,Marcelo Weigandt,NA,NA,2024,2025
MIA,SUPPLEMENTAL ROSTER,Noah Allen,Homegrown Player,NA,2025,"2026, 2027"
MIA,SUPPLEMENTAL ROSTER,Leo Afonso,NA,NA,2024,"2025, 2026, 2027"
MIA,SUPPLEMENTAL ROSTER,Edison Azcona,Homegrown Player,Unavailable - On Loan,2024,2025
MIA,SUPPLEMENTAL ROSTER,Shanyder Borgelin,Homegrown Player,NA,2024,"2025, 2026"
MIA,SUPPLEMENTAL ROSTER,Yannick Bright,NA,NA,2024,"2025, 2026, 2027"
MIA,SUPPLEMENTAL ROSTER,Benjamin Cremaschi,Homegrown Player,NA,2025,"2026, 2027"
MIA,SUPPLEMENTAL ROSTER,lan Fray,Homegrown Player,NA,2024,2025
MIA,SUPPLEMENTAL ROSTER,Cole Jensen,NA,NA,2024,"2025, 2026"
MIA,SUPPLEMENTAL ROSTER,David Ruiz,Homegrown Player,NA,2025,"2026, 2027"
MIA,SUPPLEMENTAL ROSTER,Lawson Sunderland,NA,NA,2024,"2025, 2026"
MIA,OFF-ROSTER (UNAVAILABLE),Israel Boatwright,Homegrown Player,NA,2026,"2027, 2028"
MIA,OFF-ROSTER (UNAVAILABLE),Tyler Hall,Homegrown Player,NA,2027,2028
MIA,OFF-ROSTER (UNAVAILABLE),Santiago Morales,Homegrown Player,NA,2027,2028
MIA,OFF-ROSTER (UNAVAILABLE),Felipe Valencia,Homegrown Player,NA,2024,2025
MIN,SENIOR ROSTER,Kervin Arriaga,NA,NA,2024,NA
MIN,SENIOR ROSTER,Michael Boxall,NA,NA,2024,NA
MIN,SENIOR ROSTER,Alejandro Bran,NA,NA,2024,"2027, 2028"
MIN,SENIOR ROSTER,Ethan Bristow,NA,Unavailable - On Loan,2025,2026
MIN,SENIOR ROSTER,Caden Clark,NA,NA,2025,"2026, 2027"
MIN,SENIOR ROSTER,Hassani Dotson,NA,NA,2024,2025
MIN,SENIOR ROSTER,Victor Eriksson,NA,NA,2026,2027
MIN,SENIOR ROSTER,Franco Fragapane,TAM Player,NA,2024,NA
MIN,SENIOR ROSTER,Bongokuhle Hlongwane,U22 Initiative,NA,2024,2025
MIN,SENIOR ROSTER,Clint Irwin,NA,NA,2024,2025
MIN,SENIOR ROSTER,Sang Bin Jeong,U22 Initiative,NA,2025,2026
MIN,SENIOR ROSTER,Robin Lod,Designated Player,NA,2025,2026
MIN,SENIOR ROSTER,Mikael Marques,NA,Unavailable - On Loan,2025,2026
MIN,SENIOR ROSTER,Teemu Pukki,Designated Player,NA,June 2025,2025
MIN,SENIOR ROSTER,Emanuel Reynoso,Designated Player,NA,2025,2026
MIN,SENIOR ROSTER,Dayne St. Clair,NA,NA,2024,2025
MIN,SENIOR ROSTER,Miguel Tapias,TAM Player,NA,2025,2026
MIN,SENIOR ROSTER,DJ Taylor,NA,NA,2025,2026
MIN,SENIOR ROSTER,Wil Trapp,NA,NA,2024,2025
MIN,SUPPLEMENTAL ROSTER,Jordan Adebayo-Smith,NA,NA,2026,2027
MIN,SUPPLEMENTAL ROSTER,Hugo Bacharach,NA,NA,2024,"2025, 2026, 2027"
MIN,SUPPLEMENTAL ROSTER,Derek Dodson,NA,NA,2024,"2025, 2026"
MIN,SUPPLEMENTAL ROSTER,Carlos Harvey,NA,NA,2025,2026
MIN,SUPPLEMENTAL ROSTER,Moses Nyeman,NA,NA,2024,"2025, 2026"
MIN,SUPPLEMENTAL ROSTER,Tanitoluwa Oluwaseyi,NA,NA,2024,2025
MIN,SUPPLEMENTAL ROSTER,Devin Padelford,Homegrown Player,NA,2024,"2025, 2026"
MIN,SUPPLEMENTAL ROSTER,Joseph Rosales,NA,NA,2024,"2025, 2026"
MIN,SUPPLEMENTAL ROSTER,Zarek Valentin,NA,NA,2024,NA
MIN,SUPPLEMENTAL ROSTER,Patrick Weah,Homegrown Player,NA,2024,2025
MIN,SUPPLEMENTAL SPOT,Morris Duggan,NA,Unavailable - On Loan,2024,"2025, 2026, 2027"
MTL,SENIOR ROSTER,Fernando Álvarez,TAM Player,NA,2025,"2026, 2027"
MTL,SENIOR ROSTER,George Campbell,U22 Initiative,NA,2025,2026
MTL,SENIOR ROSTER,Mathieu Choinière,NA,NA,2024,2025
MTL,SENIOR ROSTER,Matías Cóccaro,TAM Player,NA,2026,"2027, 2028"
MTL,SENIOR ROSTER,Gabriele Corbo,NA,NA,2024,2025
MTL,SENIOR ROSTER,Bryce Duke,NA,NA,2025,2026
MTL,SENIOR ROSTER,Raheem Edwards,NA,NA,2024,2025
MTL,SENIOR ROSTER,Dominic lankov,TAM Player,NA,2026,"2027, 2028"
MTL,SENIOR ROSTER,Sunusi Ibrahim,U22 Initiative,NA,2026,2027
MTL,SENIOR ROSTER,Lassi Lappalainen,TAM Player,NA,2024,2025
MTL,SENIOR ROSTER,Ariel Lassiter,NA,NA,2024,NA
MTL,SENIOR ROSTER,Josef Martínez,TAM Player,NA,2024,2025
MTL,SENIOR ROSTER,Chinonso Offor,NA,Unavailable - On Loan,2024,"2025, 2026"
MTL,SENIOR ROSTER,Kwadwo Opoku,TAM Player,NA,2026,2027
MTL,SENIOR ROSTER,Samuel Piette,NA,NA,2025,2026
MTL,SENIOR ROSTER,Ruan,NA,NA,2024,NA
MTL,SENIOR ROSTER,Joaquín Sosa,U22 Initiative,NA,2024,NA
MTL,SENIOR ROSTER,Róbert Thorkelsson,NA,Unavailable - On Loan,2024,2025
MTL,SENIOR ROSTER,Mason Toye,NA,NA,2024,2025
MTL,SENIOR ROSTER,Victor Wanyama,Designated Player,NA,2024,NA
MTL,SENIOR ROSTER,Joel Waterman,NA,NA,2024,2024
MTL,SUPPLEMENTAL ROSTER,Sebastian Breza,NA,NA,2025,"2026, 2027"
MTL,SUPPLEMENTAL ROSTER,Grayson Doody,NA,NA,2024,"2025, 2026, 2027"
MTL,SUPPLEMENTAL ROSTER,Ilias Iliadis,NA,NA,2024,"2025, 2026"
MTL,SUPPLEMENTAL ROSTER,Ousman Jabang,NA,NA,2024,"2025, 2026"
MTL,SUPPLEMENTAL ROSTER,Logan Ketterer,NA,NA,2024,NA
MTL,SUPPLEMENTAL ROSTER,Nathan Saliba,Homegrown Player,NA,2024,"2025, 2026"
MTL,SUPPLEMENTAL ROSTER,Jonathan Sirois,Homegrown Player,NA,2026,2027
MTL,SUPPLEMENTAL ROSTER,Jules-Anthony Vilsaint,NA,NA,2024,"2025, 2026"
MTL,SUPPLEMENTAL ROSTER,Rida Zouhir,Homegrown Player,NA,2024,2025
MTL,SUPPLEMENTAL SPOT,Matteo Schiavoni,NA,Unavailable - On Loan,2024,"2025, 2026, 2027"
MTL,OFF-ROSTER (UNAVAILABLE),Alessandro Biello,Homegrown Player,NA,2025,"2026, 2027, 2028"
NE,SENIOR ROSTER,Xavier Arreaga,TAM Player,NA,2024,2025
NE,SENIOR ROSTER,Emmanuel Boateng,NA,NA,2024,2025
NE,SENIOR ROSTER,Dylan Borrero,U22 Initiative,NA,2024,2025
NE,SENIOR ROSTER,Brandon Bye,NA,NA,2024,2025
NE,SENIOR ROSTER,Tomás Chancalay,Designated Player,NA,2026,2027
NE,SENIOR ROSTER,Andrew Farrell,TAM Player,NA,2024,2025
NE,SENIOR ROSTER,Carles Gil,Designated Player,NA,2026,2027
NE,SENIOR ROSTER,Nacho Gil,NA,NA,2024,2025
NE,SENIOR ROSTER,lan Harkes,NA,NA,2024,2025
NE,SENIOR ROSTER,DeJuan Jones,TAM Player,NA,2027,NA
NE,SENIOR ROSTER,Mark-Anthony Kaye,TAM Player,NA,2025,2026
NE,SENIOR ROSTER,Henry Kessler,TAM Player,NA,2025,2026
NE,SENIOR ROSTER,Nick Lima,NA,NA,2024,NA
NE,SENIOR ROSTER,Tommy McNamara,NA,NA,2024,2025
NE,SENIOR ROSTER,Jonathan Mensah,NA,NA,2024,2025
NE,SENIOR ROSTER,Matt Polster,NA,NA,2024,2025
NE,SENIOR ROSTER,Henrich Ravas,NA,NA,2026,2027
NE,SENIOR ROSTER,Dave Romney,TAM Player,NA,2024,2025
NE,SENIOR ROSTER,Giacomo Vrioni,Designated Player,NA,2025,2026
NE,SENIOR ROSTER,Bobby Wood,NA,NA,2024,NA
NE,SUPPLEMENTAL ROSTER,Esmir Bajraktarevic,Homegrown Player,NA,2025,2026
NE,SUPPLEMENTAL ROSTER,Noel Buck,Homegrown Player,NA,2025,2026
NE,SUPPLEMENTAL ROSTER,Earl Edwards Jr.,NA,NA,2024,2025
NE,SUPPLEMENTAL ROSTER,Malcolm Fry,Homegrown Player,NA,2026,2027
NE,SUPPLEMENTAL ROSTER,Aljaž Ivačič,NA,NA,2025,NA
NE,SUPPLEMENTAL ROSTER,Peyton Miller,Homegrown Player,NA,2027,2028
NE,SUPPLEMENTAL ROSTER,Jack Panayotou,Homegrown Player,NA,2026,2027
NE,SUPPLEMENTAL ROSTER,Damian Rivera,Homegrown Player,Unavailable - On Loan,2024,NA
NE,SUPPLEMENTAL ROSTER,Ryan Spaulding,NA,NA,2024,NA
NE,SUPPLEMENTAL ROSTER,Santiago Suárez,Homegrown Player,NA,2026,2027
NSH,SENIOR ROSTER,Brian Anunga,NA,NA,2024,2025
NSH,SENIOR ROSTER,Tyler Boyd,TAM Player,NA,2026,2027
NSH,SENIOR ROSTER,Teal Bunbury,NA,NA,2025,NA
NSH,SENIOR ROSTER,Sean Davis,TAM Player,NA,2025,2026
NSH,SENIOR ROSTER,Aníbal Godoy,TAM Player,NA,2024,2025
NSH,SENIOR ROSTER,Randall Leal,TAM Player,NA,2025,2026
NSH,SENIOR ROSTER,Daniel Lovitz,NA,NA,2025,2026
NSH,SENIOR ROSTER,Lukas MacNaughton,NA,NA,2024,2025
NSH,SENIOR ROSTER,Jack Maher,TAM Player,NA,2027,NA
NSH,SENIOR ROSTER,Shaq Moore,TAM Player,NA,2025,2026
NSH,SENIOR ROSTER,Hany Mukhtar,Designated Player,NA,2026,2027
NSH,SENIOR ROSTER,Alex Muyl,NA,NA,2025,2026
NSH,SENIOR ROSTER,Elliot Panicco,NA,NA,2025,"2026, 2027"
NSH,SENIOR ROSTER,Jacob Shaffelburg,NA,NA,2026,2027
NSH,SENIOR ROSTER,Sam Surridge,Designated Player,NA,2026,2027
NSH,SENIOR ROSTER,Joe Willis,NA,NA,2025,2026
NSH,SENIOR ROSTER,Dru Yearwood,U22 Initiative,NA,2024,NA
NSH,SENIOR ROSTER,Walker Zimmerman,Designated Player,NA,2025,NA
NSH,SUPPLEMENTAL ROSTER,Forster Ajago,NA,Unavailable - On Loan,2024,"2025, 2026, 2027"
NSH,SUPPLEMENTAL ROSTER,Josh Bauer,NA,NA,2024,NA
NSH,SUPPLEMENTAL ROSTER,Julian Gaines,NA,NA,2024,"2025, 2026"
NSH,SUPPLEMENTAL ROSTER,Brent Kallman,NA,NA,2024,NA
NSH,SUPPLEMENTAL ROSTER,Ben Martino,Homegrown Player,NA,2024,"2025, 2026"
NSH,SUPPLEMENTAL ROSTER,Amar Sejdić,NA,NA,2024,2025
NSH,SUPPLEMENTAL ROSTER,Joey Skinner,Generation adidas,NA,2024,"2025, 2026"
NSH,SUPPLEMENTAL ROSTER,Taylor Washington,NA,NA,2025,NA
NSH,SUPPLEMENTAL SPOT,Woobens Pacius,NA,Unavailable - On Loan,2025,"2026, 2027"
NSH,OFF-ROSTER (UNAVAILABLE),Isaiah Jones,Homegrown Player,NA,2027,2028
NSH,OFF-ROSTER (UNAVAILABLE),Adem Sipic,Homegrown Player,NA,2027,2028
NY,SENIOR ROSTER,Frankie Amaya,NA,NA,2024,2025
NY,SENIOR ROSTER,Cory Burke,NA,NA,2024,2025
NY,SENIOR ROSTER,Carlos Coronel,NA,NA,2024,2025
NY,SENIOR ROSTER,Ronald Donkor,NA,NA,2026,2027
NY,SENIOR ROSTER,Kyle Duncan,TAM Player,NA,2025,2026
NY,SENIOR ROSTER,Daniel Edelman,NA,NA,2027,2028
NY,SENIOR ROSTER,Noah Eile,U22 Initiative,NA,2027,2028
NY,SENIOR ROSTER,Emil Forsberg,Designated Player,NA,2026,2027
NY,SENIOR ROSTER,Dennis Gjengaar,U22 Initiative,NA,2027,2028
NY,SENIOR ROSTER,Cameron Harper,NA,NA,2024,NA
NY,SENIOR ROSTER,Juan José Mina,NA,NA,2026,2027
NY,SENIOR ROSTER,Elias Manoel,TAM Player,NA,2025,2026
NY,SENIOR ROSTER,Ryan Meara,NA,NA,2024,2025
NY,SENIOR ROSTER,Lewis Morgan,TAM Player,NA,2025,2026
NY,SENIOR ROSTER,Dylan Nealis,NA,NA,2024,NA
NY,SENIOR ROSTER,Sean Nealis,NA,NA,2025,2026
NY,SENIOR ROSTER,Andrés Reyes,TAM Player,NA,2026,2027
NY,SENIOR ROSTER,John Tolkin,NA,NA,2026,2027
NY,SENIOR ROSTER,Dante Vanzeir,Designated Player,NA,2026,2027
NY,SUPPLEMENTAL ROSTER,Wikelman Carmona,NA,NA,2024,NA
NY,SUPPLEMENTAL ROSTER,Bento Estrela,Homegrown Player,NA,2024,2025
NY,SUPPLEMENTAL ROSTER,Julian Hall,Homegrown Player,NA,2026,2027
NY,SUPPLEMENTAL ROSTER,AJ Marcucci,NA,NA,2025,"2026, 2027"
NY,SUPPLEMENTAL ROSTER,Roald Mitchell,Homegrown Player,NA,2026,"2027, 2028"
NY,SUPPLEMENTAL ROSTER,Serge Ngoma Jr.,Homegrown Player,NA,2025,2026
NY,SUPPLEMENTAL ROSTER,Aidan O'Connor,NA,NA,2024,"2025, 2026, 2027"
NY,SUPPLEMENTAL ROSTER,Curtis Ofori,Homegrown Player,NA,2025,2026
NY,SUPPLEMENTAL ROSTER,Aidan Stokes,Homegrown Player,NA,2027,2028
NY,SUPPLEMENTAL ROSTER,Peter Stroud,Homegrown Player,NA,2025,"2026, 2027"
NY,SUPPLEMENTAL SPOT,Davi Alexandre,Homegrown Player,Unavailable - On Loan,2026,2027
NYC,SENIOR ROSTER,Nicolás Acevedo,U22 Initiative,Unavailable - On Loan,2025,2026
NYC,SENIOR ROSTER,Thiago Andrade,TAM Player,Unavailable - On Loan,2024,2025
NYC,SENIOR ROSTER,Mounsef Bakrar,TAM Player,NA,2026,2027
NYC,SENIOR ROSTER,Luis Barraza,NA,NA,2024,2025
NYC,SENIOR ROSTER,Julián Fernández,U22 Initiative,NA,2027,2028
NYC,SENIOR ROSTER,Matt Freese,NA,NA,2026,2027
NYC,SENIOR ROSTER,Tayvon Gray,NA,NA,2025,2026
NYC,SENIOR ROSTER,Mitja llenic,NA,NA,2026,2027
NYC,SENIOR ROSTER,Talles Magno,Young Designated Player,NA,2026,NA
NYC,SENIOR ROSTER,Alonso Martínez,NA,NA,2025,"2026, 2027"
NYC,SENIOR ROSTER,Thiago Martins,Designated Player,NA,2025,2026
NYC,SENIOR ROSTER,Jovan Mijatović,U22 Initiative,NA,2028,2029
NYC,SENIOR ROSTER,Maximiliano Moralez,NA,NA,2024,NA
NYC,SENIOR ROSTER,Agustín Ojeda,U22 Initiative,NA,2028,2029
NYC,SENIOR ROSTER,Kevin O'Toole,NA,NA,2025,2026
NYC,SENIOR ROSTER,Keaton Parks,TAM Player,NA,2026,"2027, 2028"
NYC,SENIOR ROSTER,Andrés Perea,NA,NA,2025,2026
NYC,SENIOR ROSTER,Birk Risa,NA,NA,2025,2026
NYC,SENIOR ROSTER,Santiago Rodríguez,Designated Player,NA,2027,NA
NYC,SENIOR ROSTER,James Sands,TAM Player,NA,2027,NA
NYC,SENIOR ROSTER,Strahinja Tanasijević,NA,NA,2025,"2026, 2027"
NYC,SENIOR ROSTER,Hannes Wolf,TAM Player,NA,2027,2028
NYC,SUPPLEMENTAL ROSTER,Justin Haak,Homegrown Player,NA,2025,NA
NYC,SUPPLEMENTAL ROSTER,Rio Hope-Gund,NA,NA,2024,"2025, 2026"
NYC,SUPPLEMENTAL ROSTER,Andres Jasson,Homegrown Player,NA,2024,NA
NYC,SUPPLEMENTAL ROSTER,Malachi Jones,NA,NA,2025,"2026, 2027"
NYC,SUPPLEMENTAL ROSTER,Christian McFarlane,Homegrown Player,NA,2026,2027
NYC,SUPPLEMENTAL ROSTER,Tomás Romero,NA,NA,2024,"2025, 2026"
NYC,OFF-ROSTER (UNAVAILABLE),Andrew Baiera,Homegrown Player,NA,2027,2028
NYC,OFF-ROSTER (UNAVAILABLE),Maximo Carrizo,Homegrown Player,NA,2027,2028
NYC,OFF-ROSTER (UNAVAILABLE),Alex Rando,Homegrown Player,NA,2024,"2025, 2026, 2027"
NYC,OFF-ROSTER (UNAVAILABLE),Jonathan Shore,Homegrown Player,NA,2027,2028
NYC,OFF-ROSTER (UNAVAILABLE),Zidane Yañez,Homegrown Player,NA,2028,2029
ORL,SENIOR ROSTER,Iván Angulo,NA,NA,2025,2026
ORL,SENIOR ROSTER,César Araújo,TAM Player,NA,2024,2025
ORL,SENIOR ROSTER,David Brekalo,TAM Player,NA,2027,2028
ORL,SENIOR ROSTER,Wilder Cartagena,NA,NA,2025,NA
ORL,SENIOR ROSTER,Ramiro Enrique,U22 Initiative,NA,2025,"2026, 2027"
ORL,SENIOR ROSTER,Felipe,NA,NA,2024,NA
ORL,SENIOR ROSTER,Pedro Gallese,TAM Player,NA,2024,2025
ORL,SENIOR ROSTER,Gastón González,U22 Initiative,Unavailable - On Loan,2024,"2025, 2026, 2027"
ORL,SENIOR ROSTER,Michael Halliday,NA,NA,2025,"2026, 2027"
ORL,SENIOR ROSTER,Robin Jansson,TAM Player,NA,2025,2026
ORL,SENIOR ROSTER,Nicolás Lodeiro,TAM Player,NA,2024,2025
ORL,SENIOR ROSTER,Duncan McGuire,NA,NA,2024,"2025, 2026"
ORL,SENIOR ROSTER,Luis Muriel,Designated Player,NA,2026,NA
ORL,SENIOR ROSTER,Martín Ojeda,Designated Player,NA,2025,"2026, 2027"
ORL,SENIOR ROSTER,Luca Petrasso,NA,Unavailable - On Loan,2024,2025
ORL,SENIOR ROSTER,Rafael Santos,NA,NA,2024,"2025, 2026"
ORL,SENIOR ROSTER,Rodrigo Schlegel,NA,NA,2024,"2025, 2026"
ORL,SENIOR ROSTER,Kyle Smith,NA,NA,2023,2024
ORL,SENIOR ROSTER,Dagur Dan Thórhallsson,NA,NA,2024,"2025, 2026"
ORL,SENIOR ROSTER,Facundo Torres,Designated Player,NA,2026,"2027, 2028"
ORL,SUPPLEMENTAL ROSTER,Alexander Freeman,Homegrown Player,NA,2025,2026
ORL,SUPPLEMENTAL ROSTER,Jeorgio Kocevski,NA,NA,2024,"2025, 2026, 2027"
ORL,SUPPLEMENTAL ROSTER,Favian Loyola,Homegrown Player,NA,2025,"2026, 2027"
ORL,SUPPLEMENTAL ROSTER,Jack Lynn,NA,NA,2024,2025
ORL,SUPPLEMENTAL ROSTER,Shakur Mohammed,Generation adidas,NA,2025,"2026, 2027"
ORL,SUPPLEMENTAL ROSTER,Javier Otero,Homegrown Player,NA,2024,"2025, 2026"
ORL,SUPPLEMENTAL ROSTER,Abdi Salim,NA,NA,2024,"2025, 2026"
ORL,SUPPLEMENTAL ROSTER,Mason Stajduhar,Homegrown Player,NA,2025,2026
ORL,SUPPLEMENTAL ROSTER,Thomas Williams,Homegrown Player,NA,2024,2025
ORL,OFF-ROSTER (UNAVAILABLE),Tahir Reid-Brown,Homegrown Player,Off-Budget,2027,2028
PHI,SENIOR ROSTER,Markus Anderson,NA,NA,2026,"2027, 2028"
PHI,SENIOR ROSTER,Tai Baribo,TAM Player,NA,2025,2026
PHI,SENIOR ROSTER,Alejandro Bedoya,NA,NA,2024,NA
PHI,SENIOR ROSTER,Jamir Berdecio,NA,NA,2024,2028
PHI,SENIOR ROSTER,Andre Blake,TAM Player,NA,2024,2025
PHI,SENIOR ROSTER,Jesús Bueno,NA,NA,2026,2027
PHI,SENIOR ROSTER,Julián Carranza,Designated Player,NA,2024,NA
PHI,SENIOR ROSTER,Jack Elliott,TAM Player,NA,2024,2025
PHI,SENIOR ROSTER,Leon Flach,NA,NA,2024,NA
PHI,SENIOR ROSTER,Dániel Gazdag,Designated Player,NA,2025,2026
PHI,SENIOR ROSTER,Jakob Glesnes,TAM Player,NA,2025,2026
PHI,SENIOR ROSTER,Nathan Harriel,NA,NA,2025,"2026, 2027"
PHI,SENIOR ROSTER,Damion Lowe,NA,NA,2024,NA
PHI,SENIOR ROSTER,Olwethu Makhanya,U22 Initiative,NA,2025,"2026, 2027"
PHI,SENIOR ROSTER,José Martínez,NA,NA,2025,2026
PHI,SENIOR ROSTER,Olivier Mbaizo,NA,NA,2024,2025
PHI,SENIOR ROSTER,Jack McGlynn,NA,NA,2025,"2026, 2027"
PHI,SENIOR ROSTER,Richard Odada,NA,Unavailable - On Loan,2024,"2025, 2026"
PHI,SENIOR ROSTER,Oliver Semmle,NA,NA,2025,2026
PHI,SENIOR ROSTER,Joaquin Torres,NA,Unavailable - On Loan,2024,2025
PHI,SENIOR ROSTER,Mikael Uhre,Designated Player,NA,2024,2025
PHI,SENIOR ROSTER,Kai Wagner,TAM Player,NA,2026,2027
PHI,SUPPLEMENTAL ROSTER,Brandan Craig,Homegrown Player,Unavailable - On Loan,2024,2025
PHI,SUPPLEMENTAL ROSTER,Chris Donovan,NA,NA,2025,"2026, 2027"
PHI,SUPPLEMENTAL ROSTER,Isaiah LeFlore,NA,NA,2024,"2025, 2026, 2027"
PHI,SUPPLEMENTAL ROSTER,Sanders Ngabo,NA,NA,2025,"2026, 2027"
PHI,SUPPLEMENTAL ROSTER,Nelson Pierre,Homegrown Player,Unavailable - On Loan,2026,2027
PHI,SUPPLEMENTAL ROSTER,Jeremy Rafanello,Homegrown Player,NA,2024,2025
PHI,SUPPLEMENTAL ROSTER,Matt Real,Homegrown Player,Unavailable - On Loan,2024,2025
PHI,SUPPLEMENTAL ROSTER,Quinn Sullivan,Homegrown Player,NA,2024,2025
PHI,SUPPLEMENTAL ROSTER,Holden Trent,NA,NA,2024,"2025, 2026"
PHI,SUPPLEMENTAL SPOT,Nicholas Pariano,Homegrown Player,Unavailable - On Loan,2025,"2026, 2027"
PHI,OFF-ROSTER (UNAVAILABLE),David Vazquez,Homegrown Player,NA,2027,2028
POR,SENIOR ROSTER,Antony,U22 Initiative,NA,2026,2027
POR,SENIOR ROSTER,Miguel Araujo,TAM Player,NA,2025,2026
POR,SENIOR ROSTER,Dairon Asprilla,NA,NA,2024,2025
POR,SENIOR ROSTER,Maximiliano David Ayala,| U22 Initiative,NA,2025,2026
POR,SENIOR ROSTER,Claudio Bravo,TAM Player,NA,2026,2027
POR,SENIOR ROSTER,Diego Chara,TAM Player,NA,2024,NA
POR,SENIOR ROSTER,Maxime Crépeau,NA,NA,2025,2026
POR,SENIOR ROSTER,Evander,Designated Player,NA,2026,2027
POR,SENIOR ROSTER,Marvin Loría,NA,NA,2024,2025
POR,SENIOR ROSTER,Larrys Mabiala,NA,NA,2024,NA
POR,SENIOR ROSTER,Zac McGraw,NA,NA,2025,2026
POR,SENIOR ROSTER,Kamal Miller,TAM Player,NA,2026,2027
POR,SENIOR ROSTER,Felipe Mora,Designated Player,NA,2025,2026
POR,SENIOR ROSTER,Santiago Moreno,U22 Initiative,NA,2026,2027
POR,SENIOR ROSTER,Juan Mosquera,TAM Player,NA,2027,2028
POR,SENIOR ROSTER,Cristhian Paredes,NA,NA,2025,2026
POR,SENIOR ROSTER,Jonathan Rodríguez,Designated Player,NA,2026,2027
POR,SENIOR ROSTER,Eryk Williamson,Homegrown Player,NA,2025,NA
POR,SENIOR ROSTER,Dario Zuparic,TAM Player,NA,2025,NA
POR,SUPPLEMENTAL ROSTER,Nathan Fogaça,NA,NA,2024,NA
POR,SUPPLEMENTAL ROSTER,Tega Ikoba,Homegrown Player,Unavailable - On Loan,2024,2025
POR,SUPPLEMENTAL ROSTER,Eric Miller,NA,NA,2025,NA
POR,SUPPLEMENTAL ROSTER,Trey Muse,NA,NA,2025,2026
POR,SUPPLEMENTAL ROSTER,James Pantemis,NA,NA,2025,2026
POR,SUPPLEMENTAL ROSTER,Hunter Sulte,Homegrown Player,Unavailable - On Loan,2024,2025
RSL,SENIOR ROSTER,Cristian Arango,Designated Player,NA,2025,2026
RSL,SENIOR ROSTER,Andrew Brody,NA,NA,2024,2025
RSL,SENIOR ROSTER,Maikel Chang,NA,NA,2024,NA
RSL,SENIOR ROSTER,Matt Crooks,Designated Player,NA,2026,NA
RSL,SENIOR ROSTER,Emeka Eneli,NA,NA,2024,"2025, 2026"
RSL,SENIOR ROSTER,Justen Glad,TAM Player,NA,2026,2027
RSL,SENIOR ROSTER,Andrés Gómez,Young Designated Player,NA,2025,"2026, 2027"
RSL,SENIOR ROSTER,Erik Holt,NA,NA,2024,2025
RSL,SENIOR ROSTER,Anderson Julio,TAM Player,NA,2024,"2025, 2026"
RSL,SENIOR ROSTER,Alexandros Katranis,NA,NA,2025,"2026, 2027"
RSL,SENIOR ROSTER,Kevon Lambert,NA,Unavailable - On Loan,2025,2026
RSL,SENIOR ROSTER,Diego Luna,U22 Initiative,NA,2026,"2027, 2028"
RSL,SENIOR ROSTER,Zac MacMath,NA,NA,2025,NA
RSL,SENIOR ROSTER,Braian Ojeda,U22 Initiative,NA,2025,"2026, 2027"
RSL,SENIOR ROSTER,Bryan Oviedo,NA,NA,2024,NA
RSL,SENIOR ROSTER,Nelson Palacio,U22 Initiative,NA,2026,"2027, 2028"
RSL,SENIOR ROSTER,Philip Quinton,NA,NA,2024,"2025, 2026"
RSL,SENIOR ROSTER,Rubio Rubín,TAM Player,Unavailable - On Loan,2024,2025
RSL,SENIOR ROSTER,Pablo Ruiz,TAM Player,NA,2026,"2027, 2028"
RSL,SENIOR ROSTER,Marcelo Silva,NA,NA,2024,NA
RSL,SENIOR ROSTER,Brayan Vera,TAM Player,NA,2025,"2026, 2027"
RSL,SUPPLEMENTAL ROSTER,Fidel Barajas,NA,NA,2026,"2027, 2028"
RSL,SUPPLEMENTAL ROSTER,Gavin Beavers,Homegrown Player,NA,2024,"2025, 2026, 2027"
RSL,SUPPLEMENTAL ROSTER,Matthew Bell,NA,Unavailable - On Loan,2025,"2026, 2027"
RSL,SUPPLEMENTAL ROSTER,Kevin Bonilla,NA,Unavailable - Other,2024,"2025, 2026, 2027"
RSL,SUPPLEMENTAL ROSTER,Tomás Gómez,NA,NA,2024,NA
RSL,SUPPLEMENTAL ROSTER,Zavier Gozo,Homegrown Player,NA,2027,"2028, 2029"
RSL,SUPPLEMENTAL ROSTER,Bode Hidalgo,Homegrown Player,NA,2024,NA
RSL,SUPPLEMENTAL ROSTER,Bertin Jacquesson,Generation adidas,Unavailable - On Loan,2024,"2025, 2026"
RSL,SUPPLEMENTAL ROSTER,Jaziel Orozco,Homegrown Player,Unavailable - On Loan,2024,"2025, 2026"
RSL,SUPPLEMENTAL ROSTER,Ilijah Paul,Generation adidas,NA,2024,"2025, 2026"
RSL,SUPPLEMENTAL ROSTER,Tommy Silva,Homegrown Player,NA,2024,"2025, 2026, 2027"
RSL,SUPPLEMENTAL SPOT 31,Delentz Pierre,Homegrown Player,Unavailable - On Loan,2024,"2025, 2026"
RSL,OFF-ROSTER (UNAVAILABLE),Zack Farnsworth,Homegrown Player,NA,2024,"2025, 2026"
RSL,OFF-ROSTER (UNAVAILABLE),Axel Kei,Homegrown Player,NA,2025,2026
RSL,OFF-ROSTER (UNAVAILABLE),Luca Moisa,Homegrown Player,NA,2027,2028
RSL,OFF-ROSTER (UNAVAILABLE),Luis Rivera,Homegrown Player,NA,2026,2027
RSL,OFF-ROSTER (UNAVAILABLE),Jude Wellings,Homegrown Player,NA,2025,2026
SEA,SENIOR ROSTER,Josh Atencio,U22 Initiative,NA,2027,2028
SEA,SENIOR ROSTER,Jon Bell,NA,NA,2024,2025
SEA,SENIOR ROSTER,Léo Chú,U22 Initiative,NA,2024,2025
SEA,SENIOR ROSTER,Pedro de la Vega,Young Designated Player,NA,2027,2028
SEA,SENIOR ROSTER,Stefan Frei,NA,NA,2025,NA
SEA,SENIOR ROSTER,Yéimar Gomez An- drade,TAM Player,NA,2025,2026
SEA,SENIOR ROSTER,Danny Leyva,NA,NA,2026,2027
SEA,SENIOR ROSTER,Jordan Morris,TAM Player,NA,2027,NA
SEA,SENIOR ROSTER,Danny Musovski,NA,NA,2025,2026
SEA,SENIOR ROSTER,Nathan,NA,NA,2024,2025
SEA,SENIOR ROSTER,Nouhou,NA,NA,2025,2026
SEA,SENIOR ROSTER,João Paulo,TAM Player,NA,2024,NA
SEA,SENIOR ROSTER,Alex Roldan,NA,NA,2026,2027
SEA,SENIOR ROSTER,Cristian Roldan,TAM Player,NA,2027,NA
SEA,SENIOR ROSTER,Raúl Ruidíaz,Designated Player,NA,2024,NA
SEA,SENIOR ROSTER,Albert Rusnák,Designated Player,NA,2024,NA
SEA,SENIOR ROSTER,Andrew Thomas,NA,NA,2024,NA
SEA,SUPPLEMENTAL ROSTER,Cody Baker,Homegrown Player,NA,2026,"2027, 2028"
SEA,SUPPLEMENTAL ROSTER,Reed Baker-Whiting,Homegrown Player,NA,2024,2025
SEA,SUPPLEMENTAL ROSTER,Jacob Castro,Homegrown Player,NA,2024,"2025, 2026"
SEA,SUPPLEMENTAL ROSTER,Sota Kitahara,Homegrown Player,NA,2024,"2025, 2026"
SEA,SUPPLEMENTAL ROSTER,Jackson Ragen,NA,NA,2024,NA
SEA,SUPPLEMENTAL ROSTER,Braudilio Rodrigues,NA,NA,2024,"2025, 2026"
SEA,SUPPLEMENTAL ROSTER,Paul Rothrock,NA,NA,2024,2025
SEA,SUPPLEMENTAL ROSTER,Dylan Teves,Homegrown Player,NA,2024,2025
SEA,SUPPLEMENTAL ROSTER,Obed Vargas,Homegrown Player,NA,2025,2026
SEA,OFF-ROSTER (UNAVAILABLE),Stuart Hawkins,Homegrown Player,NA,2026,"2027, 2028"
SJ,SENIOR ROSTER,Carlos Akapo,NA,NA,2024,NA
SJ,SENIOR ROSTER,Tanner Beason,NA,NA,2024,2025
SJ,SENIOR ROSTER,Ousseni Bouda,NA,NA,2024,2025
SJ,SENIOR ROSTER,Vitor Costa,NA,NA,2025,2026
SJ,SENIOR ROSTER,Daniel,TAM Player,NA,2024,2025
SJ,SENIOR ROSTER,Jeremy Ebobisse,TAM Player,NA,2024,2025
SJ,SENIOR ROSTER,Cristian Espinoza,Designated Player,NA,2025,2026
SJ,SENIOR ROSTER,Carlos Gruezo,Designated Player,NA,2025,2026
SJ,SENIOR ROSTER,Benji Kikanovic,NA,NA,2025,2026
SJ,SENIOR ROSTER,Hernán López,Designated Player,Unavailable - P1/ITC,2026,"2027, 2028"
SJ,SENIOR ROSTER,JT Marcinkowski,NA,Unavailable - SEI,2024,2025
SJ,SENIOR ROSTER,Paul Marie,NA,NA,2026,NA
SJ,SENIOR ROSTER,Alfredo Morales,NA,NA,2024,2025
SJ,SENIOR ROSTER,Amahl Pellegrino,TAM Player,NA,2025,NA
SJ,SENIOR ROSTER,Rodrigues,TAM Player,NA,2025,2026
SJ,SENIOR ROSTER,Jack Skahan,NA,NA,2025,2026
SJ,SENIOR ROSTER,Bruno Wilson,TAM Player,NA,2025,2026
SJ,SENIOR ROSTER,William Yarbrough,NA,NA,2024,2025
SJ,SENIOR ROSTER,Jackson Yueill,TAM Player,NA,2024,NA
SJ,SUPPLEMENTAL ROSTER,Michael Baldisimo,Homegrown Player,NA,2024,NA
SJ,SUPPLEMENTAL ROSTER,Jacob Jackson,NA,NA,2024,2025
SJ,SUPPLEMENTAL ROSTER,Preston Judd,NA,NA,2024,NA
SJ,SUPPLEMENTAL ROSTER,Daniel Munie,NA,NA,2024,"2025, 2026"
SJ,SUPPLEMENTAL ROSTER,Emmanuel Ochoa,Homegrown Player,NA,2024,NA
SJ,SUPPLEMENTAL ROSTER,Will Richmond,Homegrown Player,NA,2024,2025
SJ,SUPPLEMENTAL ROSTER,Jamar Ricketts,NA,NA,2024,"2025, 2026, 2027"
SJ,SUPPLEMENTAL ROSTER,Tommy Thompson,Homegrown Player,NA,2024,2025
SJ,SUPPLEMENTAL ROSTER,Niko Tsakiris,Homegrown Player,NA,2025,2026
SJ,SUPPLEMENTAL SPOT,Mikołaj Biegański,NA,Unavailable,2024,"2025, 2026, 2027"
SJ,OFF-ROSTER (UNAVAILABLE),Chance Cowell,Homegrown Player,NA,2027,2028
SJ,OFF-ROSTER (UNAVAILABLE),Cruz Medina,Homegrown Player,NA,2026,2027
SJ,OFF-ROSTER (UNAVAILABLE),Edwyn Mendoza,Homegrown Player,NA,2027,2028
SJ,OFF-ROSTER (UNAVAILABLE),Oscar Verhoeven,Homegrown Player,NA,2025,"2026, 2027"
SJ,OFF-ROSTER (UNAVAILABLE),Casey Walls,Homegrown Player,NA,2024,NA
SKC,SENIOR ROSTER,Willy Agada,NA,NA,2024,2025
SKC,SENIOR ROSTER,Zorhan Bassong,NA,NA,2024,"2025, 2026"
SKC,SENIOR ROSTER,Andreu Fontàs,NA,NA,2024,NA
SKC,SENIOR ROSTER,Felipe Hernández,NA,NA,2025,2026
SKC,SENIOR ROSTER,Tim Leibold,NA,NA,2025,2026
SKC,SENIOR ROSTER,Tim Melia,NA,NA,2024,NA
SKC,SENIOR ROSTER,Logan Ndenbe,U22 Initiative,NA,2024,2025
SKC,SENIOR ROSTER,Alan Pulido,Designated Player,NA,2026,NA
SKC,SENIOR ROSTER,John Pulskamp,NA,NA,2025,2026
SKC,SENIOR ROSTER,Nemanja Radoja,Designated Player,NA,2025,2026
SKC,SENIOR ROSTER,Dany Rosero,TAM Player,NA,2025,2026
SKC,SENIOR ROSTER,Johnny Russell,TAM Player,NA,2024,NA
SKC,SENIOR ROSTER,Dániel Sallói,Designated Player,NA,2026,NA
SKC,SENIOR ROSTER,Khiry Shelton,NA,NA,2025,2026
SKC,SENIOR ROSTER,Erik Thommy,TAM Player,NA,2024,2025
SKC,SENIOR ROSTER,Marinos Tzionis,U22 Initiative,NA,2024,2025
SKC,SENIOR ROSTER,Robert Voloder,U22 Initiative,NA,2024,2025
SKC,SENIOR ROSTER,Rémi Walter,TAM Player,NA,2024,NA
SKC,SUPPLEMENTAL ROSTER,Stephen Afrifa,NA,NA,2024,"2025, 2026"
SKC,SUPPLEMENTAL ROSTER,Robert Castellanos,NA,NA,2024,2025
SKC,SUPPLEMENTAL ROSTER,Ozzie Cisneros,Homegrown Player,Unavailable - On Loan,2024,2025
SKC,SUPPLEMENTAL ROSTER,Jake Davis,Homegrown Player,NA,2027,2028
SKC,SUPPLEMENTAL ROSTER,Danny Flores,NA,NA,2024,"2025, 2026"
SKC,SUPPLEMENTAL ROSTER,Kayden Pierre,Homegrown Player,NA,2024,2025
SKC,SUPPLEMENTAL ROSTER,Chris Rindov,NA,NA,2024,"2025, 2026"
SKC,SUPPLEMENTAL ROSTER,Memo Rodríguez,NA,NA,2024,2025
SKC,SUPPLEMENTAL ROSTER,Ryan Schewe,NA,NA,2024,"2025, 2026, 2027"
SKC,SUPPLEMENTAL ROSTER,Alenis Vargas,NA,NA,2026,2027
STL,SENIOR ROSTER,Sam Adeniran,NA,NA,2024,NA
STL,SENIOR ROSTER,Rasmus Alm,NA,NA,2025,2026
STL,SENIOR ROSTER,Njabulo Blom,NA,NA,2024,"2025, 2026"
STL,SENIOR ROSTER,Roman Bürki,Designated Player,NA,2025,NA
STL,SENIOR ROSTER,Chris Durkin,U22 Initiative,NA,2024,"2025, 2026"
STL,SENIOR ROSTER,Nikolas Dyhr,NA,NA,2026,2027
STL,SENIOR ROSTER,Kyle Hiebert,NA,NA,2026,2027
STL,SENIOR ROSTER,Isak Jensen,U22 Initiative,Unavailable - On Loan,2026,2027
STL,SENIOR ROSTER,João Klauss,Designated Player,NA,2025,2026
STL,SENIOR ROSTER,Eduard Löwen,Designated Player,NA,2026,2027
STL,SENIOR ROSTER,Ben Lundt,NA,NA,2024,2025
STL,SENIOR ROSTER,Jake Nerwinski,NA,NA,2024,2025
STL,SENIOR ROSTER,Joakim Nilsson,TAM Player,NA,2026,2027
STL,SENIOR ROSTER,Tomas Ostrak,TAM Player,NA,2026,2027
STL,SENIOR ROSTER,Tim Parker,TAM Player,NA,2024,NA
STL,SENIOR ROSTER,Selmir Pidro,NA,Unavailable - On Loan,2025,NA
STL,SENIOR ROSTER,Nökkvi Thórisson,NA,NA,2025,2026
STL,SENIOR ROSTER,Tomas Totland,NA,NA,2026,2027
STL,SENIOR ROSTER,Indiana Vassilev,NA,NA,2024,"2025, 2026"
STL,SENIOR ROSTER,Josh Yaro,NA,NA,2024,NA
STL,SUPPLEMENTAL ROSTER,Caden Glover,Homegrown Player,NA,2027,NA
STL,SUPPLEMENTAL ROSTER,Aziel Jackson,Homegrown Player,NA,2024,2025
STL,SUPPLEMENTAL ROSTER,Hosei Kijima,NA,NA,2024,"2025, 2026, 2027"
STL,SUPPLEMENTAL ROSTER,Anthony Markanich Jr,NA,NA,2024,2025
STL,SUPPLEMENTAL ROSTER,Christian Olivares,NA,NA,2025,"2026, 2027"
STL,SUPPLEMENTAL ROSTER,Miguel Perez,Homegrown Player,Unavailable - On Loan,2025,"2026, 2027"
STL,SUPPLEMENTAL ROSTER,Celio Pompeu,NA,NA,2026,2027
STL,SUPPLEMENTAL ROSTER,Akil Watts,NA,NA,2024,"2025, 2026"
STL,OFF-ROSTER (UNAVAILABLE),Tyson Pearce,Homegrown Player,NA,2027,2028
TOR,SENIOR ROSTER,Ayo Akinola,TAM Player,NA,2024,2025
TOR,SENIOR ROSTER,Federico Bernardeschi,Designated Player,NA,2026,2028
TOR,SENIOR ROSTER,Alonso Coello,NA,NA,2024,2025
TOR,SENIOR ROSTER,Derrick Etienne Jr,NA,NA,2025,"2026, 2027"
TOR,SENIOR ROSTER,Deybi Flores,TAM Player,NA,2025,2026
TOR,SENIOR ROSTER,Kobe Franklin,NA,NA,2024,"2025, 2026"
TOR,SENIOR ROSTER,Lorenzo Insigne,Designated Player,NA,June 2026,2026
TOR,SENIOR ROSTER,Sean Johnson,TAM Player,NA,2024,NA
TOR,SENIOR ROSTER,Richie Laryea,Designated Player,NA,2026,2027
TOR,SENIOR ROSTER,Kevin Long,NA,NA,2024,2025
TOR,SENIOR ROSTER,Matty Longstaff,NA,NA,2025,2026
TOR,SENIOR ROSTER,Cassius Mailula,U22 Initiative,NA,2026,2027
TOR,SENIOR ROSTER,Shane O'Neill,NA,NA,2024,2025
TOR,SENIOR ROSTER,Jonathan Osorio,TAM Player,NA,2026,NA
TOR,SENIOR ROSTER,Prince Owusu,TAM Player,NA,2024,2025
TOR,SENIOR ROSTER,Raoul Petretta,TAM Player,NA,2025,2026
TOR,SENIOR ROSTER,Gregory Ranjitsingh,NA,NA,2024,2025
TOR,SENIOR ROSTER,Sigurd Rosted,TAM Player,NA,2025,2026
TOR,SENIOR ROSTER,Brandon Servania,NA,NA,2024,2025
TOR,SUPPLEMENTAL ROSTER,Luka Gavran,NA,NA,2024,2025
TOR,SUPPLEMENTAL ROSTER,Nicksoen Gomis,NA,NA,2025,2026
TOR,SUPPLEMENTAL ROSTER,Deandre Kerr,Homegrown Player,NA,2024,"2025, 2026"
TOR,SUPPLEMENTAL ROSTER,Aime Mabika,NA,NA,2024,2025
TOR,SUPPLEMENTAL ROSTER,Jahkeele Marshall-Rutty,Homegrown Player,NA,2024,2025
TOR,SUPPLEMENTAL ROSTER,Hugo Mbongue,Homegrown Player,Unavailable - On Loan,2025,2026
TOR,SUPPLEMENTAL ROSTER,Adam Pearlman,Homegrown Player,NA,2027,2028
TOR,SUPPLEMENTAL ROSTER,Jordan Perruzza,Homegrown Player,NA,2024,2025
TOR,SUPPLEMENTAL ROSTER,Tyrese Spicer,NA,NA,2024,"2025, 2026, 2027"
TOR,SUPPLEMENTAL ROSTER,Kosi Thompson,Homegrown Player,NA,2024,"2025, 2026"
TOR,SUPPLEMENTAL SPOT,Luke Singh,Homegrown Player,Unavailable - On Loan,2024,2025
VAN,SENIOR ROSTER,Sam Adekugbe,TAM Player,NA,2026,2027
VAN,SENIOR ROSTER,Joe Bendik,NA,NA,2024,2025
VAN,SENIOR ROSTER,Sebastian Berhalter,NA,NA,2025,2026
VAN,SENIOR ROSTER,Tristan Blackmon,TAM Player,NA,2027,NA
VAN,SENIOR ROSTER,Javain Brown,NA,NA,2024,2025
VAN,SENIOR ROSTER,Déiber Caicedo,U22 Initiative,Unavailable - On Loan,2024,2025
VAN,SENIOR ROSTER,Andrés Cubas,Designated Player,NA,2026,2027
VAN,SENIOR ROSTER,Ryan Gauld,Designated Player,NA,2027,NA
VAN,SENIOR ROSTER,Bjørn Inge Utvik,NA,NA,2025,2026
VAN,SENIOR ROSTER,Damir Kreilach,NA,NA,2025,NA
VAN,SENIOR ROSTER,Mathias Laborda,TAM Player,NA,2025,2026
VAN,SENIOR ROSTER,Luís Martins,NA,NA,2024,2025
VAN,SENIOR ROSTER,Fafa Picault,NA,NA,2024,2025
VAN,SENIOR ROSTER,Ryan Raposo,NA,NA,2024,NA
VAN,SENIOR ROSTER,Alessandro Schöpf,TAM Player,NA,2024,2025
VAN,SENIOR ROSTER,Yohei Takaoka,TAM Player,NA,2024,2025
VAN,SENIOR ROSTER,Ranko Veselinović,NA,NA,2026,2027
VAN,SENIOR ROSTER,Pedro Vite,U22 Initiative,NA,2025,NA
VAN,SENIOR ROSTER,Brian White,NA,NA,2025,2026
VAN,SUPPLEMENTAL ROSTER,Ali Ahmed,NA,NA,2025,2026
VAN,SUPPLEMENTAL ROSTER,Max Anchor,Homegrown Player,NA,2025,"2026, 2027"
VAN,SUPPLEMENTAL ROSTER,Isaac Boehmer,Homegrown Player,NA,2024,2025
VAN,SUPPLEMENTAL ROSTER,Giuseppe Bovalina,Special Discovery Player,Unavailable - P-1/ITC,2026,"2027, 2028"
VAN,SUPPLEMENTAL ROSTER,Belal Halbouni,NA,NA,2025,2026
VAN,SUPPLEMENTAL ROSTER,Levonte Johnson,NA,NA,2024,2025
VAN,SUPPLEMENTAL ROSTER,Ralph Priso,Homegrown Player,NA,2024,2025
VAN,SUPPLEMENTAL SPOT,J.C. Ngando,Generation adidas,Unavailable - On Loan,2024,"2025, 2026"
