club_short,player_type,no,name,notes_young,notes_unavail,notes_notam,notes_can
ATL,INTERNATIONAL SLOT,1,Luis Abram,FALSE,FALSE,FALSE,FALSE
ATL,INTERNATIONAL SLOT,2,Giorgios Giakoumakis,FALSE,FALSE,FALSE,FALSE
ATL,INTERNATIONAL SLOT,3,Stian Gregersen,FALSE,FALSE,FALSE,FALSE
ATL,INTERNATIONAL SLOT,4,Saba Lobjanidze,FALSE,FALSE,FALSE,FALSE
ATL,INTERNATIONAL SLOT,5,Tristan Muyumba,FALSE,FALSE,FALSE,FALSE
ATL,INTERNATIONAL SLOT,6,Xande Silva,FALSE,FALSE,FALSE,FALSE
ATL,INTERNATIONAL SLOT,7,Bartosz Slisz,FALSE,FALSE,FALSE,FALSE
ATL,INTERNATIONAL SLOT,8,Jamal Thiaré,FALSE,FALSE,FALSE,FALSE
ATL,DESIGNATED PLAYERS,1,Thiago Almada ,TRUE,FALSE,TRUE,FALSE
ATL,DESIGNATED PLAYERS,2,Giorgios Giakoumakis,FALSE,FALSE,TRUE,FALSE
ATL,DESIGNATED PLAYERS,3,Stian Gregersen,FALSE,FALSE,FALSE,FALSE
ATL,INITIATIVE PLAYERS,1,Franco Ibarra,FALSE,TRUE,FALSE,FALSE
ATL,INITIATIVE PLAYERS,2,Edwin Mosquera,FALSE,FALSE,FALSE,FALSE
ATL,INITIATIVE PLAYERS,3,Santiago Sosa,FALSE,TRUE,FALSE,FALSE
ATL,UNAVAILABLE PLAYERS,1,Erik Centeno,FALSE,FALSE,FALSE,FALSE
ATL,UNAVAILABLE PLAYERS,2,Franco Ibarra,FALSE,FALSE,FALSE,FALSE
ATL,UNAVAILABLE PLAYERS,3,Aiden McFadden,FALSE,FALSE,FALSE,FALSE
ATL,UNAVAILABLE PLAYERS,4,Santiago Sosa,FALSE,FALSE,FALSE,FALSE
ATX,INTERNATIONAL SLOT,1,Guilherme Biro,FALSE,FALSE,FALSE,FALSE
ATX,INTERNATIONAL SLOT,2,Moussa Djitté,FALSE,TRUE,FALSE,FALSE
ATX,INTERNATIONAL SLOT,3,Jáder Obrian,FALSE,FALSE,FALSE,FALSE
ATX,INTERNATIONAL SLOT,4,Dani Pereira,FALSE,FALSE,FALSE,FALSE
ATX,INTERNATIONAL SLOT,5,Emiliano Rigoni,FALSE,FALSE,FALSE,FALSE
ATX,INTERNATIONAL SLOT,6,Leo Väisänen,FALSE,FALSE,FALSE,FALSE
ATX,DESIGNATED PLAYERS,1,Sebastián Driussi,FALSE,FALSE,TRUE,FALSE
ATX,DESIGNATED PLAYERS,2,Emiliano Rigoni,FALSE,FALSE,TRUE,FALSE
ATX,DESIGNATED PLAYERS,3,Alex Ring,FALSE,FALSE,FALSE,FALSE
ATX,INITIATIVE PLAYERS,1,Moussa Djitté,FALSE,TRUE,FALSE,FALSE
ATX,INITIATIVE PLAYERS,2,Žan Kolmanič,FALSE,FALSE,FALSE,FALSE
ATX,UNAVAILABLE PLAYERS,1,Moussa Djitté,FALSE,TRUE,FALSE,FALSE
ATX,UNAVAILABLE PLAYERS,2,Damian Las,FALSE,FALSE,FALSE,FALSE
CHI,INTERNATIONAL SLOT,1,Allan Arigoni,FALSE,FALSE,FALSE,FALSE
CHI,INTERNATIONAL SLOT,2,Hugo Cuypers,FALSE,FALSE,FALSE,FALSE
CHI,INTERNATIONAL SLOT,3,Rafael Czichos,FALSE,FALSE,FALSE,FALSE
CHI,INTERNATIONAL SLOT,4,Maren Haile-Selassie,FALSE,FALSE,FALSE,FALSE
CHI,INTERNATIONAL SLOT,5,Georgios Koutsias,FALSE,FALSE,FALSE,FALSE
CHI,INTERNATIONAL SLOT,6,Tobias Salquist,FALSE,FALSE,FALSE,FALSE
CHI,INTERNATIONAL SLOT,7,Xherdan Shaqiri,FALSE,FALSE,FALSE,FALSE
CHI,INTERNATIONAL SLOT,8,Laurence Wootton,FALSE,TRUE,FALSE,FALSE
CHI,INTERNATIONAL SLOT,9,Federico Navarro,FALSE,FALSE,FALSE,FALSE
CHI,DESIGNATED PLAYERS,1,Hugo Cuypers,FALSE,FALSE,TRUE,FALSE
CHI,DESIGNATED PLAYERS,2,Gastón Giménez,FALSE,FALSE,FALSE,FALSE
CHI,DESIGNATED PLAYERS,3,Xherdan Shaqiri,FALSE,FALSE,TRUE,FALSE
CHI,INITIATIVE PLAYERS,1,Brian Gutiérrez,FALSE,FALSE,FALSE,FALSE
CHI,INITIATIVE PLAYERS,2,Georgios Koutsias,FALSE,FALSE,FALSE,FALSE
CHI,INITIATIVE PLAYERS,3,Federico Navarro,FALSE,FALSE,FALSE,FALSE
CHI,UNAVAILABLE PLAYERS,1,Victor Bezerra,FALSE,FALSE,FALSE,FALSE
CHI,UNAVAILABLE PLAYERS,2,Justin Reynolds,FALSE,FALSE,FALSE,FALSE
CHI,UNAVAILABLE PLAYERS,3,Missael Rodríguez,FALSE,FALSE,FALSE,FALSE
CHI,UNAVAILABLE PLAYERS,4,Laurence Wootton,FALSE,FALSE,FALSE,FALSE
CIN,INTERNATIONAL SLOT,1,Marco Angulo,FALSE,TRUE,FALSE,FALSE
CIN,INTERNATIONAL SLOT,2,Aaron Boupendza,FALSE,FALSE,FALSE,FALSE
CIN,INTERNATIONAL SLOT,3,Pavel Bucha,FALSE,FALSE,FALSE,FALSE
CIN,INTERNATIONAL SLOT,4,Kevin Kelsy,FALSE,FALSE,FALSE,FALSE
CIN,INTERNATIONAL SLOT,5,Obinna Nwobodo,FALSE,FALSE,FALSE,FALSE
CIN,INTERNATIONAL SLOT,6,Luca Orellano,FALSE,FALSE,FALSE,FALSE
CIN,DESIGNATED PLAYERS,1,Luciano Acosta,FALSE,FALSE,TRUE,FALSE
CIN,DESIGNATED PLAYERS,2,Aaron Boupendza,FALSE,FALSE,TRUE,FALSE
CIN,DESIGNATED PLAYERS,3,Obinna Nwobodo,FALSE,FALSE,TRUE,FALSE
CIN,INITIATIVE PLAYERS,1,Marco Angulo,FALSE,TRUE,FALSE,FALSE
CIN,INITIATIVE PLAYERS,2,Kevin Kelsy,FALSE,FALSE,FALSE,FALSE
CIN,UNAVAILABLE PLAYERS,1,Joey Akpunonu,FALSE,FALSE,FALSE,FALSE
CIN,UNAVAILABLE PLAYERS,2,Marco Angulo,FALSE,FALSE,FALSE,FALSE
CIN,UNAVAILABLE PLAYERS,3,Álvaro Barreal,FALSE,FALSE,FALSE,FALSE
CIN,UNAVAILABLE PLAYERS,4,Quimi Ordoñez,FALSE,FALSE,FALSE,FALSE
CIN,UNAVAILABLE PLAYERS,5,Paul Walters,FALSE,FALSE,FALSE,FALSE
CLB,INTERNATIONAL SLOT,1,Rudy Camacho,FALSE,FALSE,FALSE,FALSE
CLB,INTERNATIONAL SLOT,2,Yevhen Cheberko,FALSE,FALSE,FALSE,FALSE
CLB,INTERNATIONAL SLOT,3,Mohamed Farsi,FALSE,FALSE,FALSE,FALSE
CLB,INTERNATIONAL SLOT,45,Cucho Hernández,FALSE,FALSE,FALSE,FALSE
CLB,INTERNATIONAL SLOT,6,Alexandru Matan,FALSE,FALSE,FALSE,FALSE
CLB,INTERNATIONAL SLOT,7,Steven Moreira,FALSE,FALSE,FALSE,FALSE
CLB,INTERNATIONAL SLOT,8,Yaw Yeboah,FALSE,FALSE,FALSE,FALSE
CLB,DESIGNATED PLAYERS,1,Cucho Hernández,FALSE,FALSE,TRUE,FALSE
CLB,DESIGNATED PLAYERS,2,Darlington Nagbe,FALSE,FALSE,FALSE,FALSE
CLB,DESIGNATED PLAYERS,3,Diego Rossi,FALSE,FALSE,TRUE,FALSE
CLB,INITIATIVE PLAYERS,1,Marino Hinestroza,FALSE,FALSE,FALSE,FALSE
CLB,INITIATIVE PLAYERS,2,Alexandru Matan,FALSE,FALSE,FALSE,FALSE
CLB,UNAVAILABLE PLAYERS,1,Keegan Hughes,FALSE,FALSE,FALSE,FALSE
CLT,INTERNATIONAL SLOT,1,Liel Abada,FALSE,FALSE,FALSE,FALSE
CLT,INTERNATIONAL SLOT,2,Scott Arfield,FALSE,FALSE,FALSE,FALSE
CLT,INTERNATIONAL SLOT,3,Enzo Copetti,FALSE,FALSE,FALSE,FALSE
CLT,INTERNATIONAL SLOT,4,Brecht Dejaegere,FALSE,FALSE,FALSE,FALSE
CLT,INTERNATIONAL SLOT,567,Hamady Diop,FALSE,FALSE,FALSE,FALSE
CLT,INTERNATIONAL SLOT,8,João Pedro,FALSE,FALSE,FALSE,FALSE
CLT,INTERNATIONAL SLOT,9,Nikola Petkovic,FALSE,FALSE,FALSE,FALSE
CLT,INTERNATIONAL SLOT,10,Karol Swiderski,FALSE,TRUE,FALSE,FALSE
CLT,INTERNATIONAL SLOT,11,luri Tavares,FALSE,FALSE,FALSE,FALSE
CLT,INTERNATIONAL SLOT,12,Jere Uronen,FALSE,FALSE,FALSE,FALSE
CLT,INTERNATIONAL SLOT,13,Júnior Urso,FALSE,FALSE,FALSE,FALSE
CLT,INTERNATIONAL SLOT,14,Ashley Westwood,FALSE,FALSE,FALSE,FALSE
CLT,DESIGNATED PLAYERS,1,Liel Abada  ,TRUE,FALSE,TRUE,FALSE
CLT,DESIGNATED PLAYERS,2,Enzo Copetti ,FALSE,FALSE,TRUE,FALSE
CLT,DESIGNATED PLAYERS,3,Brecht Dejaegere,FALSE,FALSE,FALSE,FALSE
CLT,DESIGNATED PLAYERS,4,Karol Swiderski ,FALSE,TRUE,TRUE,FALSE
CLT,INITIATIVE PLAYERS,1,Nikola Petkovic,FALSE,FALSE,FALSE,FALSE
CLT,INITIATIVE PLAYERS,2,Kerwin Vargas,FALSE,FALSE,FALSE,FALSE
CLT,UNAVAILABLE PLAYERS,1,Chituru Odunze,FALSE,FALSE,FALSE,FALSE
CLT,UNAVAILABLE PLAYERS,2,Karol Swiderski,FALSE,FALSE,FALSE,FALSE
COL,INTERNATIONAL SLOT,1,Kévin Cabral,FALSE,FALSE,FALSE,FALSE
COL,INTERNATIONAL SLOT,2,Remi Cabral,FALSE,TRUE,FALSE,FALSE
COL,INTERNATIONAL SLOT,3,Daniel Chacón,FALSE,TRUE,FALSE,FALSE
COL,INTERNATIONAL SLOT,4,Lamine Diack,FALSE,FALSE,FALSE,FALSE
COL,INTERNATIONAL SLOT,5,Marko Ilić,FALSE,TRUE,FALSE,FALSE
COL,INTERNATIONAL SLOT,6,Andreas Maxsø,FALSE,FALSE,FALSE,FALSE
COL,INTERNATIONAL SLOT,7,Rafael Navarro,FALSE,FALSE,FALSE,FALSE
COL,INTERNATIONAL SLOT,8,Connor Ronan,FALSE,FALSE,FALSE,FALSE
COL,DESIGNATED PLAYERS,1,Kévin Cabral,FALSE,FALSE,TRUE,FALSE
COL,DESIGNATED PLAYERS,2,Djordje Mihailovic,FALSE,FALSE,TRUE,FALSE
COL,DESIGNATED PLAYERS,3,Rafael Navarro,FALSE,FALSE,FALSE,FALSE
COL,INITIATIVE PLAYERS,1,Cole Bassett,FALSE,FALSE,FALSE,FALSE
COL,UNAVAILABLE PLAYERS,1,Remi Cabral,FALSE,FALSE,FALSE,FALSE
COL,UNAVAILABLE PLAYERS,2,Daniel Chacón,FALSE,FALSE,FALSE,FALSE
COL,UNAVAILABLE PLAYERS,3,Marko Ilić,FALSE,FALSE,FALSE,FALSE
COL,UNAVAILABLE PLAYERS,4,Aboubacar Keita,FALSE,FALSE,FALSE,FALSE
COL,UNAVAILABLE PLAYERS,5,Miguel Navarro,FALSE,FALSE,FALSE,FALSE
DAL,INTERNATIONAL SLOT,1,Eugene Ansah,FALSE,FALSE,FALSE,FALSE
DAL,INTERNATIONAL SLOT,2,Geovane de Jesus,FALSE,FALSE,FALSE,FALSE
DAL,INTERNATIONAL SLOT,3,Patrickson Delgado,FALSE,FALSE,FALSE,FALSE
DAL,INTERNATIONAL SLOT,4,Asier Illarramendi,FALSE,FALSE,FALSE,FALSE
DAL,INTERNATIONAL SLOT,5,José Mulato,FALSE,TRUE,FALSE,FALSE
DAL,INTERNATIONAL SLOT,6,Petar Musa,FALSE,FALSE,FALSE,FALSE
DAL,INTERNATIONAL SLOT,7,Carl Sainté,FALSE,FALSE,FALSE,FALSE
DAL,INTERNATIONAL SLOT,8,Enes Sali,FALSE,FALSE,FALSE,FALSE
DAL,DESIGNATED PLAYERS,1,Jesús Ferreira,FALSE,FALSE,TRUE,FALSE
DAL,DESIGNATED PLAYERS,2,Petar Musa,FALSE,FALSE,TRUE,FALSE
DAL,DESIGNATED PLAYERS,3,Alan Velasco ,TRUE,FALSE,TRUE,FALSE
DAL,INITIATIVE PLAYERS,1,Geovane de Jesus,FALSE,FALSE,FALSE,FALSE
DAL,INITIATIVE PLAYERS,2,José Mulato,FALSE,TRUE,FALSE,FALSE
DAL,INITIATIVE PLAYERS,3,Enes Sali,FALSE,FALSE,FALSE,FALSE
DAL,UNAVAILABLE PLAYERS,1,Antonio Carrera,FALSE,FALSE,FALSE,FALSE
DAL,UNAVAILABLE PLAYERS,2,José Mulato,FALSE,FALSE,FALSE,FALSE
DAL,UNAVAILABLE PLAYERS,3,Isaiah Parker,FALSE,FALSE,FALSE,FALSE
DAL,SEASON-ENDING INJURY LIST,1,Paxton Pomykal,FALSE,FALSE,FALSE,FALSE
DC,INTERNATIONAL SLOT,1,Christian Benteke,FALSE,FALSE,FALSE,FALSE
DC,INTERNATIONAL SLOT,2,Cristian Dájome,FALSE,FALSE,FALSE,FALSE
DC,INTERNATIONAL SLOT,3,Mohanad Jeahze,FALSE,FALSE,FALSE,FALSE
DC,INTERNATIONAL SLOT,4,Mateusz Klich,FALSE,FALSE,FALSE,FALSE
DC,INTERNATIONAL SLOT,5,Matti Peltola,FALSE,FALSE,FALSE,FALSE
DC,INTERNATIONAL SLOT,6,Gabriel Pirani,FALSE,FALSE,FALSE,FALSE
DC,INTERNATIONAL SLOT,7,Martín Rodríguez,FALSE,FALSE,FALSE,FALSE
DC,DESIGNATED PLAYERS,1,Christian Benteke,FALSE,FALSE,TRUE,FALSE
DC,DESIGNATED PLAYERS,2,Mateusz Klich,FALSE,FALSE,TRUE,FALSE
DC,DESIGNATED PLAYERS,3,Matti Peltola ,TRUE,FALSE,FALSE,FALSE
DC,INITIATIVE PLAYERS,1,Gabriel Pirani,FALSE,FALSE,FALSE,FALSE
DC,UNAVAILABLE PLAYERS,1,Jeremy Garay,FALSE,FALSE,FALSE,FALSE
DC,UNAVAILABLE PLAYERS,2,Hayden Sargis,FALSE,FALSE,FALSE,FALSE
HOU,INTERNATIONAL SLOT,1,Ibrahim Aliyu,FALSE,FALSE,FALSE,FALSE
HOU,INTERNATIONAL SLOT,2,Stephen Annor Gyamfi,FALSE,FALSE,FALSE,FALSE
HOU,INTERNATIONAL SLOT,3,Latif Blessing,FALSE,FALSE,FALSE,FALSE
HOU,INTERNATIONAL SLOT,4,Sebastian Kowalczyk,FALSE,FALSE,FALSE,FALSE
HOU,INTERNATIONAL SLOT,5,Micael,FALSE,FALSE,FALSE,FALSE
HOU,INTERNATIONAL SLOT,6,Nelson Quiñones,FALSE,FALSE,FALSE,FALSE
HOU,INTERNATIONAL SLOT,7,Erik Sviatchenko,FALSE,FALSE,FALSE,FALSE
HOU,INTERNATIONAL SLOT,8,Ousmane Sylla,FALSE,FALSE,FALSE,FALSE
HOU,INTERNATIONAL SLOT,9,Jefferson Valverde,FALSE,TRUE,FALSE,FALSE
HOU,DESIGNATED PLAYERS,1,Sebastián Ferreira,FALSE,FALSE,TRUE,FALSE
HOU,DESIGNATED PLAYERS,2,Héctor Herrera,FALSE,FALSE,TRUE,FALSE
HOU,DESIGNATED PLAYERS,3,Erik Sviatchenko,FALSE,FALSE,FALSE,FALSE
HOU,INITIATIVE PLAYERS,1,Ibrahim Aliyu,FALSE,FALSE,FALSE,FALSE
HOU,INITIATIVE PLAYERS,2,Nelson Quiñones,FALSE,TRUE,FALSE,FALSE
HOU,SEASON-ENDING INJURY LIST,1,Nelson Quiñones,FALSE,FALSE,FALSE,FALSE
LA,INTERNATIONAL SLOT,1,Julián Aude,FALSE,FALSE,FALSE,FALSE
LA,INTERNATIONAL SLOT,2,Aaron Bibout,FALSE,TRUE,FALSE,FALSE
LA,INTERNATIONAL SLOT,3,Gastón Brugman,FALSE,FALSE,FALSE,FALSE
LA,INTERNATIONAL SLOT,4,Martín Cáceres,FALSE,FALSE,FALSE,FALSE
LA,INTERNATIONAL SLOT,5,Emiro Garces,FALSE,FALSE,FALSE,FALSE
LA,INTERNATIONAL SLOT,6,Dejan Joveljic,FALSE,FALSE,FALSE,FALSE
LA,INTERNATIONAL SLOT,7,Novak Micovic,FALSE,FALSE,FALSE,FALSE
LA,INTERNATIONAL SLOT,8,Joseph Paintsil,FALSE,FALSE,FALSE,FALSE
LA,INTERNATIONAL SLOT,9,Gabriel Pec,FALSE,FALSE,FALSE,FALSE
LA,INTERNATIONAL SLOT,10,Riqui Puig,FALSE,FALSE,FALSE,FALSE
LA,INTERNATIONAL SLOT,11,Gino Vivi,FALSE,TRUE,FALSE,FALSE
LA,INTERNATIONAL SLOT,12,Miki Yamane,FALSE,FALSE,FALSE,FALSE
LA,INTERNATIONAL SLOT,13,Maya Yoshida,FALSE,FALSE,FALSE,FALSE
LA,DESIGNATED PLAYERS,1,Joseph Paintsil,FALSE,FALSE,TRUE,FALSE
LA,DESIGNATED PLAYERS,2,Gabriel Pec ,TRUE,FALSE,TRUE,FALSE
LA,DESIGNATED PLAYERS,3,Riqui Puig,FALSE,FALSE,TRUE,FALSE
LA,INITIATIVE PLAYERS,1,Julián Aude,FALSE,FALSE,FALSE,FALSE
LA,INITIATIVE PLAYERS,2,Dejan Joveljic,FALSE,FALSE,FALSE,FALSE
LA,UNAVAILABLE PLAYERS,1,Aaron Bibout,FALSE,FALSE,FALSE,FALSE
LA,UNAVAILABLE PLAYERS,2,Gino Vivi,FALSE,FALSE,FALSE,FALSE
MIA,INTERNATIONAL SLOT,1,Jordi Alba,FALSE,FALSE,FALSE,FALSE
MIA,INTERNATIONAL SLOT,2,Tomás Avilés,FALSE,FALSE,FALSE,FALSE
MIA,INTERNATIONAL SLOT,3,Yannick Bright,FALSE,FALSE,FALSE,FALSE
MIA,INTERNATIONAL SLOT,4,Sergio Busquets,FALSE,FALSE,FALSE,FALSE
MIA,INTERNATIONAL SLOT,5,Facundo Farías,FALSE,TRUE,FALSE,FALSE
MIA,INTERNATIONAL SLOT,670,Diego Gómez,FALSE,FALSE,FALSE,FALSE
MIA,INTERNATIONAL SLOT,8,Lionel Messi,FALSE,FALSE,FALSE,FALSE
MIA,INTERNATIONAL SLOT,9,Federico Redondo,FALSE,FALSE,FALSE,FALSE
MIA,INTERNATIONAL SLOT,10,Matías Rojas,FALSE,FALSE,FALSE,FALSE
MIA,INTERNATIONAL SLOT,11,Luis Suárez,FALSE,FALSE,FALSE,FALSE
MIA,INTERNATIONAL SLOT,12,Marcelo Weigandt,FALSE,FALSE,FALSE,FALSE
MIA,DESIGNATED PLAYERS,1,Sergio Busquets,FALSE,FALSE,TRUE,FALSE
MIA,DESIGNATED PLAYERS,2,Leonardo Campana,FALSE,FALSE,FALSE,FALSE
MIA,DESIGNATED PLAYERS,3,Lionel Messi,FALSE,FALSE,TRUE,FALSE
MIA,INITIATIVE PLAYERS,1,Tomás Avilés,FALSE,FALSE,FALSE,FALSE
MIA,INITIATIVE PLAYERS,2,Facundo Farías,FALSE,TRUE,FALSE,FALSE
MIA,INITIATIVE PLAYERS,3,Diego Gómez,FALSE,FALSE,FALSE,FALSE
MIA,INITIATIVE PLAYERS,4,Federico Redondo,FALSE,FALSE,FALSE,FALSE
MIA,INITIATIVE PLAYERS,5,Emerson Rodríguez,FALSE,TRUE,FALSE,FALSE
MIA,UNAVAILABLE PLAYERS,1,Edison Azcona,FALSE,FALSE,FALSE,FALSE
MIA,UNAVAILABLE PLAYERS,2,Emerson Rodríguez,FALSE,FALSE,FALSE,FALSE
MIA,SEASON-ENDING INJURY LIST,1,Facundo Farías,FALSE,FALSE,FALSE,FALSE
MIN,INTERNATIONAL SLOT,1,Hugo Bacharach,FALSE,FALSE,FALSE,FALSE
MIN,INTERNATIONAL SLOT,2,Alejandro Bran,FALSE,FALSE,FALSE,FALSE
MIN,INTERNATIONAL SLOT,3,Ethan Bristow,FALSE,TRUE,FALSE,FALSE
MIN,INTERNATIONAL SLOT,4,Morris Duggan,FALSE,TRUE,FALSE,FALSE
MIN,INTERNATIONAL SLOT,5,Victor Eriksson,FALSE,FALSE,FALSE,FALSE
MIN,INTERNATIONAL SLOT,6,Sang Bin Jeong,FALSE,FALSE,FALSE,FALSE
MIN,INTERNATIONAL SLOT,7,Mikael Marques,FALSE,TRUE,FALSE,FALSE
MIN,INTERNATIONAL SLOT,8,Teemu Pukki,FALSE,FALSE,FALSE,FALSE
MIN,INTERNATIONAL SLOT,9,Emanuel Reynoso,FALSE,FALSE,FALSE,FALSE
MIN,INTERNATIONAL SLOT,10,Miguel Tapias,FALSE,FALSE,FALSE,FALSE
MIN,DESIGNATED PLAYERS,1,Robin Lod,FALSE,FALSE,FALSE,FALSE
MIN,DESIGNATED PLAYERS,2,Teemu Pukki,FALSE,FALSE,TRUE,FALSE
MIN,DESIGNATED PLAYERS,3,Emanuel Reynoso,FALSE,FALSE,TRUE,FALSE
MIN,INITIATIVE PLAYERS,1,Bongokuhle Hlongwane,FALSE,FALSE,FALSE,FALSE
MIN,INITIATIVE PLAYERS,2,Sang Bin Jeong,FALSE,FALSE,FALSE,FALSE
MIN,UNAVAILABLE PLAYERS,1,Ethan Bristow,FALSE,FALSE,FALSE,FALSE
MIN,UNAVAILABLE PLAYERS,2,Morris Duggan,FALSE,FALSE,FALSE,FALSE
MIN,UNAVAILABLE PLAYERS,3,Mikael Marques,FALSE,FALSE,FALSE,FALSE
MTL,INTERNATIONAL SLOT,1,Matías Cóccaro,FALSE,FALSE,FALSE,FALSE
MTL,INTERNATIONAL SLOT,2,Gabriele Corbo ,FALSE,FALSE,FALSE,TRUE
MTL,INTERNATIONAL SLOT,3,Sunusi Ibrahim ,FALSE,FALSE,FALSE,TRUE
MTL,INTERNATIONAL SLOT,4,Lassi Lappalainen ,FALSE,FALSE,FALSE,TRUE
MTL,INTERNATIONAL SLOT,5,Chinonso Offor,FALSE,TRUE,FALSE,FALSE
MTL,INTERNATIONAL SLOT,6,Kwadwo Opoku,FALSE,FALSE,FALSE,FALSE
MTL,INTERNATIONAL SLOT,7,Joaquín Sosa,FALSE,FALSE,FALSE,FALSE
MTL,INTERNATIONAL SLOT,8,Róbert Thorkelsson,FALSE,TRUE,FALSE,FALSE
MTL,INTERNATIONAL SLOT,9,Victor Wanyama,FALSE,FALSE,FALSE,FALSE
MTL,DESIGNATED PLAYERS,1,Victor Wanyama,FALSE,FALSE,FALSE,FALSE
MTL,INITIATIVE PLAYERS,1,George Campbell,FALSE,FALSE,FALSE,FALSE
MTL,INITIATIVE PLAYERS,2,Sunusi Ibrahim,FALSE,FALSE,FALSE,FALSE
MTL,INITIATIVE PLAYERS,3,Joaquín Sosa,FALSE,FALSE,FALSE,FALSE
MTL,UNAVAILABLE PLAYERS,1,Chinonso Offor,FALSE,FALSE,FALSE,FALSE
MTL,UNAVAILABLE PLAYERS,2,Róbert Thorkelsson,FALSE,FALSE,FALSE,FALSE
MTL,UNAVAILABLE PLAYERS,3,Matteo Schiavoni,FALSE,FALSE,FALSE,FALSE
NSH,INTERNATIONAL SLOT,1,Forster Ajago,FALSE,TRUE,FALSE,FALSE
NSH,INTERNATIONAL SLOT,2,Lukas MacNaughton,FALSE,FALSE,FALSE,FALSE
NSH,INTERNATIONAL SLOT,3,Woobens Pacius,FALSE,TRUE,FALSE,FALSE
NSH,INTERNATIONAL SLOT,4,Jacob Shaffelburg,FALSE,FALSE,FALSE,FALSE
NSH,INTERNATIONAL SLOT,5,Sam Surridge,FALSE,FALSE,FALSE,FALSE
NSH,DESIGNATED PLAYERS,1,Hany Mukhtar,FALSE,FALSE,TRUE,FALSE
NSH,DESIGNATED PLAYERS,2,Sam Surridge,FALSE,FALSE,TRUE,FALSE
NSH,DESIGNATED PLAYERS,3,Walker Zimmerman,FALSE,FALSE,TRUE,FALSE
NSH,INITIATIVE PLAYERS,1,Dru Yearwood,FALSE,FALSE,FALSE,FALSE
NSH,UNAVAILABLE PLAYERS,1,Forster Ajago,FALSE,FALSE,FALSE,FALSE
NSH,UNAVAILABLE PLAYERS,2,Woobens Pacius,FALSE,FALSE,FALSE,FALSE
NY,INTERNATIONAL SLOT,1,Ronald Donkor,FALSE,FALSE,FALSE,FALSE
NY,INTERNATIONAL SLOT,2,Noah Eile,FALSE,FALSE,FALSE,FALSE
NY,INTERNATIONAL SLOT,3,Emil Forsberg,FALSE,FALSE,FALSE,FALSE
NY,INTERNATIONAL SLOT,4567,Juan José Mina,FALSE,FALSE,FALSE,FALSE
NY,INTERNATIONAL SLOT,8,Dante Vanzeir,FALSE,FALSE,FALSE,FALSE
NY,DESIGNATED PLAYERS,1,Emil Forsberg,FALSE,FALSE,TRUE,FALSE
NY,DESIGNATED PLAYERS,2,Dante Vanzeir,FALSE,FALSE,TRUE,FALSE
NY,INITIATIVE PLAYERS,1,Noah Eile,FALSE,FALSE,FALSE,FALSE
NYC,INTERNATIONAL SLOT,1,Mounsef Bakrar,FALSE,FALSE,FALSE,FALSE
NYC,INTERNATIONAL SLOT,2,Julián Fernández,FALSE,FALSE,FALSE,FALSE
NYC,INTERNATIONAL SLOT,34567,Jovan Mijatović,FALSE,FALSE,FALSE,FALSE
NYC,INTERNATIONAL SLOT,8,Birk Risa,FALSE,FALSE,FALSE,FALSE
NYC,INTERNATIONAL SLOT,9,Strahinja Tanasijević,FALSE,FALSE,FALSE,FALSE
NYC,INTERNATIONAL SLOT,10,Hannes Wolf,FALSE,FALSE,FALSE,FALSE
NYC,DESIGNATED PLAYERS,1,Talles Magno ,TRUE,FALSE,TRUE,FALSE
NYC,DESIGNATED PLAYERS,2,Thiago Martins,FALSE,FALSE,TRUE,FALSE
NYC,DESIGNATED PLAYERS,3,Santiago Rodríguez,FALSE,FALSE,TRUE,FALSE
NYC,INITIATIVE PLAYERS,1,Nicolás Acevedo,FALSE,TRUE,FALSE,FALSE
NYC,INITIATIVE PLAYERS,2,Julián Fernández,FALSE,FALSE,FALSE,FALSE
NYC,INITIATIVE PLAYERS,3,Jovan Mijatović,FALSE,FALSE,FALSE,FALSE
NYC,INITIATIVE PLAYERS,4,Agustín Ojeda,FALSE,FALSE,FALSE,FALSE
NYC,UNAVAILABLE PLAYERS,1,Nicolás Acevedo,FALSE,FALSE,FALSE,FALSE
NYC,UNAVAILABLE PLAYERS,2,Thiago Andrade,FALSE,FALSE,FALSE,FALSE
ORL,INTERNATIONAL SLOT,1,Iván Angulo,FALSE,FALSE,FALSE,FALSE
ORL,INTERNATIONAL SLOT,2,David Brekalo,FALSE,FALSE,FALSE,FALSE
ORL,INTERNATIONAL SLOT,3,Wilder Cartagena,FALSE,FALSE,FALSE,FALSE
ORL,INTERNATIONAL SLOT,4,Ramiro Enrique,FALSE,FALSE,FALSE,FALSE
ORL,INTERNATIONAL SLOT,5,Pedro Gallese,FALSE,FALSE,FALSE,FALSE
ORL,INTERNATIONAL SLOT,6,Shakur Mohammed,FALSE,FALSE,FALSE,FALSE
ORL,INTERNATIONAL SLOT,7,Luis Muriel,FALSE,FALSE,FALSE,FALSE
ORL,DESIGNATED PLAYERS,1,Luis Muriel,FALSE,FALSE,TRUE,FALSE
ORL,DESIGNATED PLAYERS,2,Martín Ojeda,FALSE,FALSE,TRUE,FALSE
ORL,DESIGNATED PLAYERS,3,Facundo Torres,FALSE,FALSE,TRUE,FALSE
ORL,INITIATIVE PLAYERS,1,Gastón González,FALSE,TRUE,FALSE,FALSE
ORL,INITIATIVE PLAYERS,2,Ramiro Enrique,FALSE,FALSE,FALSE,FALSE
ORL,UNAVAILABLE PLAYERS,1,Gastón González,FALSE,FALSE,FALSE,FALSE
ORL,UNAVAILABLE PLAYERS,2,Luca Petrasso,FALSE,FALSE,FALSE,FALSE
PHI,INTERNATIONAL SLOT,1,Tai Baribo,FALSE,FALSE,FALSE,FALSE
PHI,INTERNATIONAL SLOT,2,Jesús Bueno,FALSE,FALSE,FALSE,FALSE
PHI,INTERNATIONAL SLOT,3,Olwethu Makhanya,FALSE,FALSE,FALSE,FALSE
PHI,INTERNATIONAL SLOT,4,Sanders Ngabo,FALSE,FALSE,FALSE,FALSE
PHI,INTERNATIONAL SLOT,5,Richard Odada,FALSE,TRUE,FALSE,FALSE
PHI,INTERNATIONAL SLOT,6,Oliver Semmle,FALSE,FALSE,FALSE,FALSE
PHI,INTERNATIONAL SLOT,7,Joaquin Torres,FALSE,TRUE,FALSE,FALSE
PHI,DESIGNATED PLAYERS,1,Julián Carranza,FALSE,FALSE,FALSE,FALSE
PHI,DESIGNATED PLAYERS,2,Dániel Gazdag,FALSE,FALSE,FALSE,FALSE
PHI,DESIGNATED PLAYERS,3,Mikael Uhre,FALSE,FALSE,TRUE,FALSE
PHI,INITIATIVE PLAYERS,1,Olwethu Makhanya,FALSE,FALSE,FALSE,FALSE
PHI,UNAVAILABLE PLAYERS,1,Brandan Craig,FALSE,FALSE,FALSE,FALSE
PHI,UNAVAILABLE PLAYERS,2,Richard Odada,FALSE,FALSE,FALSE,FALSE
PHI,UNAVAILABLE PLAYERS,3,Nicholas Pariano,FALSE,FALSE,FALSE,FALSE
PHI,UNAVAILABLE PLAYERS,4,Nelson Pierre,FALSE,FALSE,FALSE,FALSE
PHI,UNAVAILABLE PLAYERS,5,Matt Real,FALSE,FALSE,FALSE,FALSE
PHI,UNAVAILABLE PLAYERS,6,Joaquin Torres,FALSE,FALSE,FALSE,FALSE
POR,INTERNATIONAL SLOT,1,Antony,FALSE,FALSE,FALSE,FALSE
POR,INTERNATIONAL SLOT,2,Miguel Araujo,FALSE,FALSE,FALSE,FALSE
POR,INTERNATIONAL SLOT,3,Maxime Crépeau,FALSE,FALSE,FALSE,FALSE
POR,INTERNATIONAL SLOT,4,Evander,FALSE,FALSE,FALSE,FALSE
POR,INTERNATIONAL SLOT,5,Nathan Fogaça,FALSE,FALSE,FALSE,FALSE
POR,INTERNATIONAL SLOT,69 7,Jonathan Rodríguez,FALSE,FALSE,FALSE,FALSE
POR,DESIGNATED PLAYERS,1,Evander,FALSE,FALSE,TRUE,FALSE
POR,DESIGNATED PLAYERS,2,Felipe Mora,FALSE,FALSE,FALSE,FALSE
POR,DESIGNATED PLAYERS,3,Jonathan Rodríguez,FALSE,FALSE,TRUE,FALSE
POR,INITIATIVE PLAYERS,1,Antony,FALSE,FALSE,FALSE,FALSE
POR,INITIATIVE PLAYERS,2,Maximiliano David Ayala,FALSE,FALSE,FALSE,FALSE
POR,INITIATIVE PLAYERS,3,Santiago Moreno,FALSE,FALSE,FALSE,FALSE
POR,UNAVAILABLE PLAYERS,1,Hunter Sulte,FALSE,FALSE,FALSE,FALSE
POR,UNAVAILABLE PLAYERS,2,Tega Ikoba,FALSE,FALSE,FALSE,FALSE
RSL,INTERNATIONAL SLOT,1,Matthew Bell,FALSE,TRUE,FALSE,FALSE
RSL,INTERNATIONAL SLOT,2,Matt Crooks,FALSE,FALSE,FALSE,FALSE
RSL,INTERNATIONAL SLOT,3,Andrés Gómez,FALSE,FALSE,FALSE,FALSE
RSL,INTERNATIONAL SLOT,4,Bertin Jacquesson,FALSE,TRUE,FALSE,FALSE
RSL,INTERNATIONAL SLOT,56,Anderson Julio,FALSE,FALSE,FALSE,FALSE
RSL,INTERNATIONAL SLOT,7,Kevon Lambert,FALSE,TRUE,FALSE,FALSE
RSL,INTERNATIONAL SLOT,8,Braian Ojeda,FALSE,FALSE,FALSE,FALSE
RSL,INTERNATIONAL SLOT,9,Bryan Oviedo,FALSE,FALSE,FALSE,FALSE
RSL,INTERNATIONAL SLOT,10,Nelson Palacio,FALSE,FALSE,FALSE,FALSE
RSL,INTERNATIONAL SLOT,11,Brayan Vera,FALSE,FALSE,FALSE,FALSE
RSL,DESIGNATED PLAYERS,1,Cristian Arango,FALSE,FALSE,TRUE,FALSE
RSL,DESIGNATED PLAYERS,2,Matt Crooks,FALSE,FALSE,FALSE,FALSE
RSL,DESIGNATED PLAYERS,3,Andrés Gómez ,TRUE,FALSE,FALSE,FALSE
RSL,INITIATIVE PLAYERS,1,Diego Luna,FALSE,FALSE,FALSE,FALSE
RSL,INITIATIVE PLAYERS,2,Braian Ojeda,FALSE,FALSE,FALSE,FALSE
RSL,INITIATIVE PLAYERS,3,Nelson Palacio,FALSE,FALSE,FALSE,FALSE
RSL,UNAVAILABLE PLAYERS,1,Matthew Bell,FALSE,FALSE,FALSE,FALSE
RSL,UNAVAILABLE PLAYERS,2,Kevin Bonilla,FALSE,FALSE,FALSE,FALSE
RSL,UNAVAILABLE PLAYERS,3,Bertin Jacquesson,FALSE,FALSE,FALSE,FALSE
RSL,UNAVAILABLE PLAYERS,4,Kevon Lambert,FALSE,FALSE,FALSE,FALSE
RSL,UNAVAILABLE PLAYERS,5,Delentz Pierre,FALSE,FALSE,FALSE,FALSE
RSL,UNAVAILABLE PLAYERS,6,Rubio Rubín,FALSE,FALSE,FALSE,FALSE
SEA,INTERNATIONAL SLOT,1,Pedro de la Vega,FALSE,FALSE,FALSE,FALSE
SEA,INTERNATIONAL SLOT,2,Braudilio Rodrigues,FALSE,FALSE,FALSE,FALSE
SEA,DESIGNATED PLAYERS,1,Pedro de la Vega ,TRUE,FALSE,TRUE,FALSE
SEA,DESIGNATED PLAYERS,2,Raúl Ruidíaz,FALSE,FALSE,TRUE,FALSE
SEA,DESIGNATED PLAYERS,3,Albert Rusnák,FALSE,FALSE,TRUE,FALSE
SEA,INITIATIVE PLAYERS,1,Josh Atencio,FALSE,FALSE,FALSE,FALSE
SEA,INITIATIVE PLAYERS,2,Léo Chú,FALSE,FALSE,FALSE,FALSE
SJ,INTERNATIONAL SLOT,1,Carlos Akapo,FALSE,FALSE,FALSE,FALSE
SJ,INTERNATIONAL SLOT,2,Mikołaj Biegański,FALSE,TRUE,FALSE,FALSE
SJ,INTERNATIONAL SLOT,3,Vitor Costa,FALSE,FALSE,FALSE,FALSE
SJ,INTERNATIONAL SLOT,4,Daniel,FALSE,FALSE,FALSE,FALSE
SJ,INTERNATIONAL SLOT,5,Hernán López,FALSE,TRUE,FALSE,FALSE
SJ,INTERNATIONAL SLOT,6,Amahl Pellegrino,FALSE,FALSE,FALSE,FALSE
SJ,INTERNATIONAL SLOT,7,Rodrigues,FALSE,FALSE,FALSE,FALSE
SJ,INTERNATIONAL SLOT,8,Bruno Wilson,FALSE,FALSE,FALSE,FALSE
SJ,DESIGNATED PLAYERS,1,Cristian Espinoza,FALSE,FALSE,TRUE,FALSE
SJ,DESIGNATED PLAYERS,2,Carlos Gruezo,FALSE,FALSE,TRUE,FALSE
SJ,DESIGNATED PLAYERS,3,Hernán López,FALSE,FALSE,TRUE,FALSE
SJ,UNAVAILABLE PLAYERS,1,Mikołaj Biegański,FALSE,FALSE,FALSE,FALSE
SJ,UNAVAILABLE PLAYERS,2,Hernán López,FALSE,FALSE,FALSE,FALSE
SJ,SEASON-ENDING INJURY LIST,1,JT Marcinkowski,FALSE,FALSE,FALSE,FALSE
SKC,INTERNATIONAL SLOT,1,Willy Agada,FALSE,FALSE,FALSE,FALSE
SKC,INTERNATIONAL SLOT,2,Zorhan Bassong,FALSE,FALSE,FALSE,FALSE
SKC,INTERNATIONAL SLOT,3,Tim Leibold,FALSE,FALSE,FALSE,FALSE
SKC,INTERNATIONAL SLOT,4,Alenis Vargas,FALSE,FALSE,FALSE,FALSE
SKC,DESIGNATED PLAYERS,1,Alan Pulido,FALSE,FALSE,FALSE,FALSE
SKC,DESIGNATED PLAYERS,2,Nemanja Radoja,FALSE,FALSE,FALSE,FALSE
SKC,DESIGNATED PLAYERS,3,Dániel Sallói,FALSE,FALSE,FALSE,FALSE
SKC,INITIATIVE PLAYERS,1,Logan Ndenbe,FALSE,FALSE,FALSE,FALSE
SKC,INITIATIVE PLAYERS,2,Marinos Tzionis,FALSE,FALSE,FALSE,FALSE
SKC,INITIATIVE PLAYERS,3,Robert Voloder,FALSE,FALSE,FALSE,FALSE
SKC,UNAVAILABLE PLAYERS,1,Ozzie Cisneros,FALSE,FALSE,FALSE,FALSE
STL,INTERNATIONAL SLOT,1,Rasmus Alm,FALSE,FALSE,FALSE,FALSE
STL,INTERNATIONAL SLOT,2,Njabulo Blom,FALSE,FALSE,FALSE,FALSE
STL,INTERNATIONAL SLOT,3,Roman Bürki,FALSE,FALSE,FALSE,FALSE
STL,INTERNATIONAL SLOT,4,Nikolas Dyhr,FALSE,FALSE,FALSE,FALSE
STL,INTERNATIONAL SLOT,5,Isak Jensen,FALSE,TRUE,FALSE,FALSE
STL,INTERNATIONAL SLOT,6,Hosei Kijima,FALSE,FALSE,FALSE,FALSE
STL,INTERNATIONAL SLOT,7,João Klauss,FALSE,FALSE,FALSE,FALSE
STL,INTERNATIONAL SLOT,8,Tomas Ostrak,FALSE,FALSE,FALSE,FALSE
STL,INTERNATIONAL SLOT,9,Selmir Pidro,FALSE,TRUE,FALSE,FALSE
STL,INTERNATIONAL SLOT,10,Nökkvi Thórisson,FALSE,FALSE,FALSE,FALSE
STL,DESIGNATED PLAYERS,1,Roman Bürki,FALSE,FALSE,FALSE,FALSE
STL,DESIGNATED PLAYERS,2,João Klauss,FALSE,FALSE,TRUE,FALSE
STL,DESIGNATED PLAYERS,3,Eduard Löwen,FALSE,FALSE,FALSE,FALSE
STL,INITIATIVE PLAYERS,1,Chris Durkin,FALSE,FALSE,FALSE,FALSE
STL,INITIATIVE PLAYERS,2,Isak Jensen,FALSE,TRUE,FALSE,FALSE
STL,UNAVAILABLE PLAYERS,1,Isak Jensen,FALSE,FALSE,FALSE,FALSE
STL,UNAVAILABLE PLAYERS,2,Miguel Perez,FALSE,FALSE,FALSE,FALSE
STL,UNAVAILABLE PLAYERS,3,Selmir Pidro,FALSE,FALSE,FALSE,FALSE
TOR,INTERNATIONAL SLOT,1,Federico Bernardeschi ,FALSE,FALSE,FALSE,TRUE
TOR,INTERNATIONAL SLOT,2,Alonso Coello,FALSE,FALSE,FALSE,FALSE
TOR,INTERNATIONAL SLOT,3,Deybi Flores,FALSE,FALSE,FALSE,FALSE
TOR,INTERNATIONAL SLOT,4,Nicksoen Gomis,FALSE,FALSE,FALSE,FALSE
TOR,INTERNATIONAL SLOT,5,Lorenzo Insigne ,FALSE,FALSE,FALSE,TRUE
TOR,INTERNATIONAL SLOT,6,Kevin Long,FALSE,FALSE,FALSE,FALSE
TOR,INTERNATIONAL SLOT,7,Matty Longstaff,FALSE,FALSE,FALSE,FALSE
TOR,INTERNATIONAL SLOT,8,Cassius Mailula,FALSE,FALSE,FALSE,FALSE
TOR,INTERNATIONAL SLOT,9,Prince Owusu,FALSE,FALSE,FALSE,FALSE
TOR,INTERNATIONAL SLOT,10,Raoul Petretta ,FALSE,FALSE,FALSE,TRUE
TOR,INTERNATIONAL SLOT,11,Sigurd Rosted,FALSE,FALSE,FALSE,FALSE
TOR,INTERNATIONAL SLOT,12,Tyrese Spicer,FALSE,FALSE,FALSE,FALSE
TOR,DESIGNATED PLAYERS,1,Federico Bernardeschi,FALSE,FALSE,TRUE,FALSE
TOR,DESIGNATED PLAYERS,2,Lorenzo Insigne,FALSE,FALSE,TRUE,FALSE
TOR,DESIGNATED PLAYERS,3,Richie Laryea,FALSE,FALSE,FALSE,FALSE
TOR,INITIATIVE PLAYERS,1,Cassius Mailula,FALSE,FALSE,FALSE,FALSE
TOR,UNAVAILABLE PLAYERS,1,Hugo Mbongue,FALSE,FALSE,FALSE,FALSE
TOR,UNAVAILABLE PLAYERS,2,Luke Singh,FALSE,FALSE,FALSE,FALSE
